no,text,favorited,favoriteCount,replyToSN,created,truncated,replyToSID,id,replyToUID,statusSource,screenName,retweetCount,isRetweet,retweeted,longitude,latitude,
1,"@genentech supplemental new drug application for Xofluza, being developed to treat patients with #influenza at high‚Ä¶",FALSE,0,genentech,3/8/19 0:45,TRUE,NA,1.10E+18,16150688,"<a href=\https://www.hootsuite.com\"" rel=\""nofollow\"">Hootsuite Inc.</a>""",NFIDvaccines,0,FALSE,FALSE,NA,NA,
2,Heart disease is among the most common chronic conditions in adults hospitalized with #flu. If you have heart disea‚Ä¶,FALSE,5,NA,3/7/19 20:55,TRUE,NA,1.10E+18,NA,"<a href=\https://sproutsocial.com\"" rel=\""nofollow\"">Sprout Social</a>""",CDCFlu,10,FALSE,FALSE,NA,NA,NA
3,"Got flu? While there's no \cure\"" for #flu"," there are antiviral medications that can help reduce symptoms and length‚Ä¶""",FALSE,2,NA,3/7/19 20:16,TRUE,NA,1.10E+18,NA,"<a href=\https://sproutsocial.com\"" rel=\""nofollow\"">Sprout Social</a>""",famfightflu,0,FALSE,FALSE,NA,
4,This season @Genentech XOFLUZA‚Ñ¢ became 1st single-dose oral antiviral approved for #flu treatment in those 12yr of‚Ä¶,FALSE,0,NA,3/7/19 19:15,TRUE,NA,1.10E+18,NA,"<a href=\https://sproutsocial.com\"" rel=\""nofollow\"">Sprout Social</a>""",famfightflu,0,FALSE,FALSE,NA,NA,
5,Here‚Äôs what to do if you get sick with flu: @CDCgov #fightflu,FALSE,0,NA,3/7/19 18:55,FALSE,NA,1.10E+18,NA,"<a href=\https://www.hootsuite.com\"" rel=\""nofollow\"">Hootsuite Inc.</a>""",TMFQINQIO,0,FALSE,FALSE,NA,NA,
6,"Alabama Lineman Ate Oreos for Breakfast, Then Showed Why He Should Be the No. 1 Pick 20‚Ä¶",FALSE,1,NA,3/7/19 18:51,TRUE,NA,1.10E+18,NA,"<a href=\http://twitter.com\"" rel=\""nofollow\"">Twitter Web Client</a>""",outlandtrophy,0,FALSE,FALSE,NA,NA,
7,"#REPOST via IG: gabiarse Hello everyone! Three years ago I got flu, pregnant 36 weeks. It was a difficult period,‚Ä¶",FALSE,0,NA,3/7/19 17:14,TRUE,NA,1.10E+18,NA,"<a href=\https://www.socialreport.com\"" rel=\""nofollow\"">SocialReport.com</a>""",stopflunow,0,FALSE,FALSE,NA,NA,
8,The flu is a contagious respiratory illness that can cause mild to severe illness. Serious outcomes can result in h‚Ä¶,FALSE,2,NA,3/7/19 16:05,TRUE,NA,1.10E+18,NA,"<a href=\https://www.hootsuite.com\"" rel=\""nofollow\"">Hootsuite Inc.</a>""",TulsaHealthDept,0,FALSE,FALSE,NA,NA,
9,"So far this #flu season, 45 people have died of influenza-related issues in San Diego County‚Ä¶",FALSE,0,NA,3/7/19 16:00,TRUE,NA,1.10E+18,NA,"<a href=\https://www.hootsuite.com\"" rel=\""nofollow\"">Hootsuite Inc.</a>""",NFIDvaccines,1,FALSE,FALSE,NA,NA,
10,There's still time to get your #flu shot! #FightFlu,FALSE,1,NA,3/7/19 15:10,FALSE,NA,1.10E+18,NA,"<a href=\http://twitter.com\"" rel=\""nofollow\"">Twitter Web Client</a>""",SedgwickCounty,0,FALSE,FALSE,NA,NA,
11,"#REPOST via amorxnesha (IG) In order to protect myself and others against the flu, I make sure I am up to date wit‚Ä¶",FALSE,0,NA,3/6/19 23:54,TRUE,NA,1.10E+18,NA,"<a href=\https://www.socialreport.com\"" rel=\""nofollow\"">SocialReport.com</a>""",stopflunow,0,FALSE,FALSE,NA,NA,
12,5 Persisting Myths About Flu and the Flu Vaccine from @Medscape #fightflu,FALSE,0,NA,3/6/19 21:19,FALSE,NA,1.10E+18,NA,"<a href=\https://www.hootsuite.com\"" rel=\""nofollow\"">Hootsuite Inc.</a>""",tmfhqi,0,FALSE,FALSE,NA,NA,
13,The best way to #FightFlu is to avoid being exposed to the flu. Wash your hands well and often. Avoid sick people.‚Ä¶,FALSE,10,NA,3/6/19 20:41,TRUE,NA,1.10E+18,NA,"<a href=\https://sproutsocial.com\"" rel=\""nofollow\"">Sprout Social</a>""",AAFANational,6,FALSE,FALSE,NA,NA,
14,It's not too late to get a #flu vaccine. @CDCgov recommends flu vaccination as long as influenza viruses are circul‚Ä¶,FALSE,6,NA,3/6/19 20:20,TRUE,NA,1.10E+18,NA,"<a href=\https://www.hootsuite.com\"" rel=\""nofollow\"">Hootsuite Inc.</a>""",SedgwickCounty,4,FALSE,FALSE,NA,NA,
15,"A new study finds that children born to women who have had a severe infection during #pregnancy, such as #flu, are‚Ä¶",FALSE,14,NA,3/6/19 19:51,TRUE,NA,1.10E+18,NA,"<a href=\https://sproutsocial.com\"" rel=\""nofollow\"">Sprout Social</a>""",famfightflu,5,FALSE,FALSE,NA,NA,
16,Keep your #family #strong. Get #vaccinated! Visit our #blog to see more tips from our staff on #stayingwell this‚Ä¶,FALSE,1,NA,3/6/19 19:30,TRUE,NA,1.10E+18,NA,"<a href=\http://twitter.com\"" rel=\""nofollow\"">Twitter Web Client</a>""",ClintonCountyHD,0,FALSE,FALSE,NA,NA,
17,"As #flu season continues @PAHealthDept reports 53,962 flu cases &amp; 68 flu-related deaths so far this season. And tha‚Ä¶",FALSE,1,NA,3/6/19 19:20,TRUE,NA,1.10E+18,NA,"<a href=\https://sproutsocial.com\"" rel=\""nofollow\"">Sprout Social</a>""",famfightflu,1,FALSE,FALSE,NA,NA,
18,Children younger than 5 have the second highest flu-related hospitalization rate this #flu season. It's not too lat‚Ä¶,FALSE,2,NA,3/6/19 18:40,TRUE,NA,1.10E+18,NA,"<a href=\https://www.hootsuite.com\"" rel=\""nofollow\"">Hootsuite Inc.</a>""",StateHealthIN,1,FALSE,FALSE,NA,NA,
19,"As flu season continues, @US_FDA and @WHO delay the 2019-2020 flu #vaccine recommendations until late March due to‚Ä¶",FALSE,1,NA,3/6/19 18:26,TRUE,NA,1.10E+18,NA,"<a href=\https://sproutsocial.com\"" rel=\""nofollow\"">Sprout Social</a>""",famfightflu,1,FALSE,FALSE,NA,NA,
20,Flu shots are a safe way to protect pregnant women from serious flu complications like pneumonia. Get your shot to‚Ä¶,FALSE,3,NA,3/6/19 17:39,TRUE,NA,1.10E+18,NA,"<a href=\https://www.socialreport.com\"" rel=\""nofollow\"">SocialReport.com</a>""",stopflunow,0,FALSE,FALSE,NA,NA,
21,Curious about why it‚Äôs sometimes possible to contract the #fIu even after getting a #vaccine? Come to my #APS talk‚Ä¶,FALSE,9,NA,3/6/19 15:58,TRUE,NA,1.10E+18,NA,"<a href=\https://mobile.twitter.com\"" rel=\""nofollow\"">Twitter Web App</a>""",meliabonomo,2,FALSE,FALSE,NA,NA,
22,"Robby General, far right, was a standout performer for our 2018 @outlandtrophy promotional campaign. #FightFlu and‚Ä¶",FALSE,5,NA,3/6/19 15:41,TRUE,NA,1.10E+18,NA,"<a href=\https://mobile.twitter.com\"" rel=\""nofollow\"">Twitter Web App</a>""",TheFWAA,1,FALSE,FALSE,NA,NA,
23,It‚Äôs time to start preparing for next flu season and #fluvax production. @US_FDA is meeting today to begin strain s‚Ä¶,FALSE,6,NA,3/6/19 15:22,TRUE,NA,1.10E+18,NA,"<a href=\https://www.spredfast.com/\"" rel=\""nofollow\"">Spredfast app</a>""",SanofiUS,0,FALSE,FALSE,NA,NA,
24,"If you get sick with #flu, make sure to take steps for a quick, healthy recovery. Stay home and rest, and avoid c‚Ä¶",FALSE,1,NA,3/6/19 15:01,TRUE,NA,1.10E+18,NA,"<a href=\https://www.hootsuite.com\"" rel=\""nofollow\"">Hootsuite Inc.</a>""",Amerigroup,1,FALSE,FALSE,NA,NA,
26,#ICYMI Officials say this #FluSeason has yet to peak! Read our #WellnessWednesday- How to Avoid the #Flu with Nurse‚Ä¶,FALSE,1,NA,3/6/19 14:16,TRUE,NA,1.10E+18,NA,"<a href=\https://www.blog2social.com\"" rel=\""nofollow\"">Blog2Social APP</a>""",HCNowRadio,1,FALSE,FALSE,NA,NA,
27,"#FluFact: Even when well-managed, diabetes can make the immune system less able to fight #flu infection, and flu il‚Ä¶",FALSE,1,NA,3/6/19 11:58,TRUE,NA,1.10E+18,NA,"<a href=\http://twitter.com\"" rel=\""nofollow\"">Twitter Web Client</a>""",BarbaraEbel,1,FALSE,FALSE,NA,NA,
28,"Great reporting, and thanks again for letting me contribute! Definitely not too late to vaccinate #fightflu‚Ä¶",FALSE,12,NA,3/6/19 2:01,TRUE,NA,1.10E+18,NA,"<a href=\http://twitter.com/download/iphone\"" rel=\""nofollow\"">Twitter for iPhone</a>""",DrBenSpitalnick,2,FALSE,FALSE,NA,NA,
29,@US_FDA Commissioner Scott Gottlieb resigns Thanks for #LeadingByExample and getting‚Ä¶,FALSE,1,US_FDA,3/5/19 21:45,TRUE,NA,1.10E+18,208120290,"<a href=\https://www.hootsuite.com\"" rel=\""nofollow\"">Hootsuite Inc.</a>""",NFIDvaccines,0,FALSE,FALSE,NA,NA,
30,"#FluTip: Having #diabetes is a risk factor for #flu complications. If you get sick, ask your #healthcareprovider ab‚Ä¶",FALSE,1,NA,3/5/19 21:00,TRUE,NA,1.10E+18,NA,"<a href=\https://buffer.com\"" rel=\""nofollow\"">Buffer</a>""",SNHDinfo,1,FALSE,FALSE,NA,NA,
33,Brrrrrr It‚Äôs cold out ! #time for #coldblastertea üòÉ #tokeepyouwarm @ocha_teabar . #todaysoup is #tomatodill üëç .‚Ä¶,FALSE,0,NA,3/5/19 19:09,TRUE,NA,1.10E+18,NA,"<a href=\http://instagram.com\"" rel=\""nofollow\"">Instagram</a>""",OCHA_TEABAR,0,FALSE,FALSE,-123.1219081,49.27621248,
34,It is not too late to get a flu vaccine. CDC recommends #flu vaccination as long as influenza viruses are circulati‚Ä¶,FALSE,3,NA,3/5/19 17:15,TRUE,NA,1.10E+18,NA,"<a href=\https://about.twitter.com/products/tweetdeck\"" rel=\""nofollow\"">TweetDeck</a>""",FLHealthDuval,3,FALSE,FALSE,NA,NA,
35,"#REPOST via IG: samanthabannar I'm not gonna lie, I have a fear of needles, but with flu season in full force, I b‚Ä¶",FALSE,3,NA,3/5/19 17:00,TRUE,NA,1.10E+18,NA,"<a href=\https://www.socialreport.com\"" rel=\""nofollow\"">SocialReport.com</a>""",stopflunow,1,FALSE,FALSE,NA,NA,
37,"CDC estimates that there have been more than 22,000 flu-associated deaths so far this season. #Flu can be a serious‚Ä¶",FALSE,1,NA,3/5/19 16:25,TRUE,NA,1.10E+18,NA,"<a href=\https://about.twitter.com/products/tweetdeck\"" rel=\""nofollow\"">TweetDeck</a>""",CookCtyHealth,1,FALSE,FALSE,NA,NA,
38,Flu activity is widespread in Virginia right now. Be sure you know common flu symptoms and get vaccinated to protec‚Ä¶,FALSE,0,NA,3/5/19 15:54,TRUE,NA,1.10E+18,NA,"<a href=\http://www.facebook.com/twitter\"" rel=\""nofollow\"">Facebook</a>""",prosperitymd,1,FALSE,FALSE,NA,NA,
39,"Happy Mardi Gras! Catch beads, not the flu...find out more prevention tips at #FightTheFlu‚Ä¶",FALSE,0,NA,3/5/19 15:32,TRUE,NA,1.10E+18,NA,"<a href=\https://sproutsocial.com\"" rel=\""nofollow\"">Sprout Social</a>""",LouisianaPHB,0,FALSE,FALSE,NA,NA,
40,"Caregivers‚Äîdo you know the difference between a cold and the #flu? A cold is milder than the flu, but since the flu‚Ä¶",FALSE,1,NA,3/5/19 15:20,TRUE,NA,1.10E+18,NA,"<a href=\https://about.twitter.com/products/tweetdeck\"" rel=\""nofollow\"">TweetDeck</a>""",Alzheimers_NIH,0,FALSE,FALSE,NA,NA,
41,"If you are at high risk of flu complications, see tips to #fightflu and protect yourself at:",FALSE,12,CDCFlu,3/5/19 14:32,FALSE,1.10E+18,1.10E+18,16616061,"<a href=\http://twitter.com\"" rel=\""nofollow\"">Twitter Web Client</a>""",CDCFlu,7,FALSE,FALSE,NA,NA,
42,We‚Äôre conducting an observational study to explore how the #flu affects adults aged 60+. The #data collected will‚Ä¶,FALSE,0,NA,3/5/19 13:09,TRUE,NA,1.10E+18,NA,"<a href=\https://sproutsocial.com\"" rel=\""nofollow\"">Sprout Social</a>""",abtassociates,2,FALSE,FALSE,NA,NA,
43,#vaccineswork Please be aware of neurologic complications of #influenza it's not always the lungs. #braininjury‚Ä¶,FALSE,0,NA,3/5/19 12:30,TRUE,NA,1.10E+18,NA,"<a href=\https://buffer.com\"" rel=\""nofollow\"">Buffer</a>""",BBOSmile,0,FALSE,FALSE,NA,NA,
44,"2 of the NFL Draft‚Äôs best players want to buy horses, not cars via @sbnation .@UHCougars' E‚Ä¶",FALSE,2,NA,3/5/19 4:55,TRUE,NA,1.10E+18,NA,"<a href=\http://twitter.com\"" rel=\""nofollow\"">Twitter Web Client</a>""",outlandtrophy,0,FALSE,FALSE,NA,NA,
45,More Severe Strain of Flu Starting to Spread Widely: CDC #FightFlu,FALSE,0,NA,3/5/19 1:59,FALSE,NA,1.10E+18,NA,"<a href=\http://twitter.com\"" rel=\""nofollow\"">Twitter Web Client</a>""",NCNA,0,FALSE,FALSE,NA,NA,
46,#REPOST via zoozoowalla (IG) Better safe than sorry during this flu season. ü§∑üèΩ‚Äç‚ôÄÔ∏è Up to 50 million people in the U‚Ä¶,FALSE,0,NA,3/4/19 23:24,TRUE,NA,1.10E+18,NA,"<a href=\https://www.socialreport.com\"" rel=\""nofollow\"">SocialReport.com</a>""",stopflunow,0,FALSE,FALSE,NA,NA,
47,"While the severity of this year's #flu season is substantially lower than last season, @CDCflu estimates as many as‚Ä¶",FALSE,3,NA,3/4/19 23:16,TRUE,NA,1.10E+18,NA,"<a href=\https://sproutsocial.com\"" rel=\""nofollow\"">Sprout Social</a>""",famfightflu,1,FALSE,FALSE,NA,NA,
48,It's not too late to get a #flu vaccine. It appears that flu season is far from over and after H1N1 viruses predomi‚Ä¶,FALSE,0,NA,3/4/19 22:58,TRUE,NA,1.10E+18,NA,"<a href=\https://sproutsocial.com\"" rel=\""nofollow\"">Sprout Social</a>""",famfightflu,2,FALSE,FALSE,NA,NA,
49,"During most flu seasons, people 65+ years bear the greatest burden of severe #flu illness. A #flu vaccine is the mo‚Ä¶",FALSE,0,NA,3/4/19 22:21,TRUE,NA,1.10E+18,NA,"<a href=\https://www.hootsuite.com\"" rel=\""nofollow\"">Hootsuite Inc.</a>""",GNRHealth,0,FALSE,FALSE,NA,NA,
50,The last thing we want is more families to loss a loved one to #flu as we have. Yet the latest surveillance reports‚Ä¶,FALSE,4,NA,3/4/19 20:14,TRUE,NA,1.10E+18,NA,"<a href=\https://sproutsocial.com\"" rel=\""nofollow\"">Sprout Social</a>""",famfightflu,1,FALSE,FALSE,NA,NA,
51,Flu activity remains elevated. The proportion of H3N2 viruses continues to increase and now accounts for slightly m‚Ä¶,FALSE,0,NA,3/4/19 19:25,TRUE,NA,1.10E+18,NA,"<a href=\https://sproutsocial.com\"" rel=\""nofollow\"">Sprout Social</a>""",famfightflu,2,FALSE,FALSE,NA,NA,
52,Report @NFIDVaccines show only 46% of college students get #vaccines for #influenza. Incentives such as free food &amp;‚Ä¶,FALSE,0,NA,3/4/19 17:18,TRUE,NA,1.10E+18,NA,"<a href=\http://twitter.com\"" rel=\""nofollow\"">Twitter Web Client</a>""",AJPHThinkTank,0,FALSE,FALSE,NA,NA,
53,It‚Äôs #teatime‚òïÔ∏è üòÉ @ocha_teabar . #todaysoup is #beefbarley üëç . #happymondayüòä üòä #coldblastertea #fightflu #tea‚Ä¶,FALSE,0,NA,3/4/19 17:08,TRUE,NA,1.10E+18,NA,"<a href=\http://instagram.com\"" rel=\""nofollow\"">Instagram</a>""",OCHA_TEABAR,0,FALSE,FALSE,-123.1219081,49.27621248,
54,Partnerships @ASTHO @CDCgov help reach disadvantaged populations through #influenza initiatives and must continue t‚Ä¶,FALSE,0,NA,3/4/19 16:01,TRUE,NA,1.10E+18,NA,"<a href=\http://twitter.com/download/iphone\"" rel=\""nofollow\"">Twitter for iPhone</a>""",JasonKirchick,0,FALSE,FALSE,NA,NA,
55,"Don‚Äôt let the flu interrupt your spring break plans. Lucky for you, there‚Äôs still time to get the flu shot. Walk-in‚Ä¶",FALSE,1,NA,3/4/19 14:56,TRUE,NA,1.10E+18,NA,"<a href=\https://about.twitter.com/products/tweetdeck\"" rel=\""nofollow\"">TweetDeck</a>""",Beak_Healthy,0,FALSE,FALSE,NA,NA,
56,Getting a flu vaccine every year is the best way to protect yourself and your family from flu and its potentially s‚Ä¶,FALSE,0,NA,3/4/19 14:36,TRUE,NA,1.10E+18,NA,"<a href=\https://www.mavsocial.com\"" rel=\""nofollow\"">MavSocial App</a>""",NashuaPHealth,0,FALSE,FALSE,NA,NA,
57,Are you helping to #fightflu? Protect yourself and others with these 3 actions: Get a #flu vaccine. ‚úîÔ∏è Practice h‚Ä¶,FALSE,1,NA,3/4/19 14:33,TRUE,NA,1.10E+18,NA,"<a href=\http://twitter.com\"" rel=\""nofollow\"">Twitter Web Client</a>""",HealthyStMarys,0,FALSE,FALSE,NA,NA,
58,Feeling like you might have the flu? It's important to start antiviral treatments within 48 hrs of onset. Call your‚Ä¶,FALSE,5,NA,3/4/19 0:25,TRUE,NA,1.10E+18,NA,"<a href=\https://sproutsocial.com\"" rel=\""nofollow\"">Sprout Social</a>""",AAFANational,3,FALSE,FALSE,NA,NA,
59,@jimmyfallon Gets a #Flu Shot from The Masked Vaccinator @DrOz#LeadingByExample,FALSE,0,jimmyfallon,3/4/19 0:00,TRUE,NA,1.10E+18,15485441,"<a href=\https://www.hootsuite.com\"" rel=\""nofollow\"">Hootsuite Inc.</a>""",NFIDvaccines,0,FALSE,FALSE,NA,NA,
60,WATCH: Draft prospect Quinnen Williams is faster than NFC West QBs via @cards_wire Our‚Ä¶,FALSE,3,NA,3/3/19 20:25,TRUE,NA,1.10E+18,NA,"<a href=\http://twitter.com\"" rel=\""nofollow\"">Twitter Web Client</a>""",outlandtrophy,0,FALSE,FALSE,NA,NA,
61,How do we #FightFlu? The best way we know how: conducting solid research. We strive to improve #flu prevention stra‚Ä¶,FALSE,7,NA,3/3/19 18:41,TRUE,NA,1.10E+18,NA,"<a href=\https://sproutsocial.com\"" rel=\""nofollow\"">Sprout Social</a>""",abtassociates,2,FALSE,FALSE,NA,NA,
62,Winter Health Myths Busted! Spoiler alert: the flu shot does not give you the #flu via‚Ä¶,FALSE,1,NA,3/3/19 18:30,TRUE,NA,1.10E+18,NA,"<a href=\https://www.hootsuite.com\"" rel=\""nofollow\"">Hootsuite Inc.</a>""",NFIDvaccines,2,FALSE,FALSE,NA,NA,
63,Our 2018 @outlandtrophy recipient. #FightFlu and @NFIDvaccines.,FALSE,10,NA,3/3/19 17:27,FALSE,NA,1.10E+18,NA,"<a href=\https://mobile.twitter.com\"" rel=\""nofollow\"">Twitter Web App</a>""",outlandtrophy,5,FALSE,FALSE,NA,NA,
64,Laura Scott served as our ED until her passing on 3/3/15. Her love and support helped our families through our grie‚Ä¶,FALSE,13,NA,3/3/19 17:12,TRUE,NA,1.10E+18,NA,"<a href=\https://sproutsocial.com\"" rel=\""nofollow\"">Sprout Social</a>""",famfightflu,4,FALSE,FALSE,NA,NA,
65,Senior Life: Did you know #influenza complications can include heart attack and stroke?,FALSE,4,NA,3/3/19 15:15,TRUE,NA,1.10E+18,NA,"<a href=\https://www.hootsuite.com\"" rel=\""nofollow\"">Hootsuite Inc.</a>""",NFIDvaccines,3,FALSE,FALSE,NA,NA,
66,Is it a cold or #flu? Learn more: #GetVaccinated to help #FightFlu,FALSE,2,NA,3/3/19 14:30,FALSE,NA,1.10E+18,NA,"<a href=\https://www.hootsuite.com\"" rel=\""nofollow\"">Hootsuite Inc.</a>""",NFIDvaccines,1,FALSE,FALSE,NA,NA,
67,One of our three 2018 @outlandtrophy finalists. #FightFlu and @NFIDvaccines.,FALSE,4,NA,3/3/19 1:34,FALSE,NA,1.10E+18,NA,"<a href=\https://mobile.twitter.com\"" rel=\""nofollow\"">Twitter Web App</a>""",outlandtrophy,2,FALSE,FALSE,NA,NA,
68,What‚Äôs it like trying to block Quinnen Williams?,FALSE,5,NA,3/3/19 1:26,TRUE,NA,1.10E+18,NA,"<a href=\http://twitter.com\"" rel=\""nofollow\"">Twitter Web Client</a>""",outlandtrophy,2,FALSE,FALSE,NA,NA,
69,"#REPOST via nicoleburron (IG) I still have a lot to get done, so I can't risk getting the flu. That's why I got my‚Ä¶",FALSE,0,NA,3/2/19 22:59,TRUE,NA,1.10E+18,NA,"<a href=\https://www.socialreport.com\"" rel=\""nofollow\"">SocialReport.com</a>""",stopflunow,0,FALSE,FALSE,NA,NA,
70,Winter is here and so is the flu! Know the symptoms and fight the flu this season with helpful information at‚Ä¶,FALSE,1,NA,3/2/19 20:05,TRUE,NA,1.10E+18,NA,"<a href=\https://www.hootsuite.com\"" rel=\""nofollow\"">Hootsuite Inc.</a>""",SMWesterly,0,FALSE,FALSE,NA,NA,
71,Need help finding where to #getyourflushot? Visit the link provided to locate the nearest place to get the flu vac‚Ä¶,FALSE,0,NA,3/2/19 17:29,TRUE,NA,1.10E+18,NA,"<a href=\https://www.socialreport.com\"" rel=\""nofollow\"">SocialReport.com</a>""",stopflunow,0,FALSE,FALSE,NA,NA,
72,Our 1987 @outlandtrophy recipient. #FightFlu and @NFIDvaccines.,FALSE,8,NA,3/2/19 15:30,FALSE,NA,1.10E+18,NA,"<a href=\https://mobile.twitter.com\"" rel=\""nofollow\"">Twitter Web App</a>""",outlandtrophy,2,FALSE,FALSE,NA,NA,
73,"@CDCFlu While you #FightFlu, you can #PlayFlu too at",FALSE,0,CDCFlu,3/2/19 2:08,FALSE,1.10E+18,1.10E+18,16616061,"<a href=\http://twitter.com\"" rel=\""nofollow\"">Twitter Web Client</a>""",glorkiogame,0,FALSE,FALSE,NA,NA,
74,Flu has taken over! Play to experience it from a new perspective. #FightFlu #PlayFlu,FALSE,0,NA,3/2/19 2:06,FALSE,NA,1.10E+18,NA,"<a href=\http://twitter.com\"" rel=\""nofollow\"">Twitter Web Client</a>""",glorkiogame,0,FALSE,FALSE,NA,NA,
76,Can Houston's Ed Oliver break paradigms like Kyler Murray? via @YahooCASports‚Ä¶,FALSE,2,NA,3/1/19 23:15,TRUE,NA,1.10E+18,NA,"<a href=\http://twitter.com\"" rel=\""nofollow\"">Twitter Web Client</a>""",outlandtrophy,1,FALSE,FALSE,NA,NA,
77,".@JonahGWilliams of @AlabamaFTBL, one of three 2018 @outlandtrophy finalists. #FightFlu and @NFIDVaccines.",FALSE,1,NA,3/1/19 21:46,FALSE,NA,1.10E+18,NA,"<a href=\http://twitter.com\"" rel=\""nofollow\"">Twitter Web Client</a>""",outlandtrophy,0,FALSE,FALSE,NA,NA,
78,".@JonahGWilliams of @AlabamaFTBL, one of three 2018 @OutlandTrophy finalists. #FightFlu and @NFIDVaccines.",FALSE,1,NA,3/1/19 21:41,FALSE,NA,1.10E+18,NA,"<a href=\http://twitter.com\"" rel=\""nofollow\"">Twitter Web Client</a>""",outlandtrophy,0,FALSE,FALSE,NA,NA,
79,#FluFactFriday: Recent studies show flu shots cut hospital risk during pregnancy. Learn more about Abt‚Äôs‚Ä¶,FALSE,0,NA,3/1/19 21:06,TRUE,NA,1.10E+18,NA,"<a href=\https://sproutsocial.com\"" rel=\""nofollow\"">Sprout Social</a>""",abtassociates,1,FALSE,FALSE,NA,NA,
80,Flu strains are circulating across the U.S. with 48 states reporting widespread flu activity. The @CDCgov estimates‚Ä¶,FALSE,2,NA,3/1/19 19:51,TRUE,NA,1.10E+18,NA,"<a href=\http://twitter.com\"" rel=\""nofollow\"">Twitter Web Client</a>""",UFHealthNews,0,FALSE,FALSE,NA,NA,
81,CDC flu report: 15 more children have died. Story at #FightFlu #VaccinesWork,FALSE,1,NA,3/1/19 18:25,FALSE,NA,1.10E+18,NA,"<a href=\https://www.hootsuite.com\"" rel=\""nofollow\"">Hootsuite Inc.</a>""",AAPNews,3,FALSE,FALSE,NA,NA,
82,"It's still #fluseason! Remember, if you're caring for children, prevent spread of #flu. Call your‚Ä¶",FALSE,0,NA,3/1/19 18:00,TRUE,NA,1.10E+18,NA,"<a href=\https://buffer.com\"" rel=\""nofollow\"">Buffer</a>""",SNHDflu,0,FALSE,FALSE,NA,NA,
83,One of the most challenging moments of my pregnancy was when I was battling the flu. Get the flu shot. This is a ho‚Ä¶,FALSE,3,NA,3/1/19 17:56,TRUE,NA,1.10E+18,NA,"<a href=\http://twitter.com/download/iphone\"" rel=\""nofollow\"">Twitter for iPhone</a>""",frankieBRLA,1,FALSE,FALSE,NA,NA,
84,#REPOST via IG: xmiahxtrinityx The flu is most dangerous for children and the elderly.‚Äî Don‚Äôt be a statistic in 20‚Ä¶,FALSE,0,NA,3/1/19 17:05,TRUE,NA,1.10E+18,NA,"<a href=\https://www.socialreport.com\"" rel=\""nofollow\"">SocialReport.com</a>""",stopflunow,1,FALSE,FALSE,NA,NA,
85,A key study has found NO link between flu shot and miscarriage. Experts recommend that pregnant women receive a flu‚Ä¶,FALSE,7,NA,3/1/19 15:46,TRUE,NA,1.10E+18,NA,"<a href=\https://sproutsocial.com\"" rel=\""nofollow\"">Sprout Social</a>""",MODAdvocacy,2,FALSE,FALSE,NA,NA,
86,"Flu is widespread in Cook County, but the good news is it is never too late to get a flu shot! #FightFlu",FALSE,0,NA,3/1/19 15:10,FALSE,NA,1.10E+18,NA,"<a href=\http://twitter.com\"" rel=\""nofollow\"">Twitter Web Client</a>""",CookCtyHealth,0,FALSE,FALSE,NA,NA,
87,"GERMS BEWARE! @nationalpta and lysol just donated 10 cases of wipes to our school, so we‚Äôre ready to #fightflu üíô @‚Ä¶",FALSE,6,NA,3/1/19 14:11,TRUE,NA,1.10E+18,NA,"<a href=\http://instagram.com\"" rel=\""nofollow\"">Instagram</a>""",FolksPta,1,FALSE,FALSE,-98.73589947,29.53564288,
88,"#FluFactFriday: As a possible second wave of #influenza is reported, remember the consequences of the #flu are more‚Ä¶",FALSE,0,NA,3/1/19 14:06,TRUE,NA,1.10E+18,NA,"<a href=\https://buffer.com\"" rel=\""nofollow\"">Buffer</a>""",MedPedsAllergy,0,FALSE,FALSE,NA,NA,
89,"CDC estimates that there have been as many as 22,300 flu-associated deaths so far this season (between Oct. 1, 2018‚Ä¶",FALSE,0,NA,3/1/19 0:00,TRUE,NA,1.10E+18,NA,"<a href=\https://www.hootsuite.com\"" rel=\""nofollow\"">Hootsuite Inc.</a>""",GreeneCoPH,0,FALSE,FALSE,NA,NA,
90,"Studies show that vaccine strains grown in eggs tend to mutate over time and that cell-based flu vaccines, which 1s‚Ä¶",FALSE,5,NA,2/28/19 23:18,TRUE,NA,1.10E+18,NA,"<a href=\https://sproutsocial.com\"" rel=\""nofollow\"">Sprout Social</a>""",famfightflu,0,FALSE,FALSE,NA,NA,
91,"Caregivers: Children younger than 6 months are at high risk of serious flu complications, but are too young to get‚Ä¶",FALSE,2,NA,2/28/19 23:01,TRUE,NA,1.10E+18,NA,"<a href=\https://buffer.com\"" rel=\""nofollow\"">Buffer</a>""",HeadStartgov,2,FALSE,FALSE,NA,NA,
92,"It's still flu season. The best way to protect yourself is to get immunized, cover your cough, and wash your hands.‚Ä¶",FALSE,2,NA,2/28/19 21:55,TRUE,NA,1.10E+18,NA,"<a href=\https://www.hootsuite.com\"" rel=\""nofollow\"">Hootsuite Inc.</a>""",AHS_CentralZone,1,FALSE,FALSE,NA,NA,
93,"The @CDCgov's vaccine committee just discussed flu vaccine effectiveness, its safety for pregnant women and revisio‚Ä¶",FALSE,10,NA,2/28/19 21:50,TRUE,NA,1.10E+18,NA,"<a href=\https://www.hootsuite.com\"" rel=\""nofollow\"">Hootsuite Inc.</a>""",AAPNews,7,FALSE,FALSE,NA,NA,
94,"Congratulations and thank you to @jake7bunz who, along with teammate Will Johnson, helped @DHSWI promote the import‚Ä¶",FALSE,1,NA,2/28/19 18:21,TRUE,NA,1.10E+18,NA,"<a href=\https://about.twitter.com/products/tweetdeck\"" rel=\""nofollow\"">TweetDeck</a>""",DHSWI,0,FALSE,FALSE,NA,NA,
95,Atlantic Ultraviolet Has Installed a Sanitaire UV-C Room Air Sanitizer to Protect Occupants from Infection due to F‚Ä¶,FALSE,0,NA,2/28/19 18:05,TRUE,NA,1.10E+18,NA,"<a href=\https://coschedule.com\"" rel=\""nofollow\"">CoSchedule</a>""",AtlanticUVCorp,0,FALSE,FALSE,NA,NA,
96,#FluFact: #Handwashing is one of the simplest ways to prevent the spread of #flu and other illnesses. There is a ri‚Ä¶,FALSE,1,NA,2/28/19 18:02,TRUE,NA,1.10E+18,NA,"<a href=\https://buffer.com\"" rel=\""nofollow\"">Buffer</a>""",SNHDflu,0,FALSE,FALSE,NA,NA,
97,"If you have #heartdisease, take 3 actions to #FightFlu. 1. Get your flu vaccine. 2. Take everyday preventive act‚Ä¶",FALSE,0,NA,2/28/19 14:53,TRUE,NA,1.10E+18,NA,"<a href=\http://twitter.com\"" rel=\""nofollow\"">Twitter Web Client</a>""",rosscohealth,0,FALSE,FALSE,NA,NA,
100,The best way to prevent a worldwide #flu pandemic starts with solid research. Learn how our infectious disease ex‚Ä¶,FALSE,4,NA,2/28/19 13:05,TRUE,NA,1.10E+18,NA,"<a href=\https://sproutsocial.com\"" rel=\""nofollow\"">Sprout Social</a>""",abtassociates,3,FALSE,FALSE,NA,NA,
101,@jillpromoli @4jude4everyone @celliottability @GinettePT @CanPaedSociety @ImmunizedotCa @ChelseaClinton‚Ä¶,FALSE,3,jillpromoli,2/28/19 1:58,TRUE,1.10E+18,1.10E+18,32871593,"<a href=\http://twitter.com/download/android\"" rel=\""nofollow\"">Twitter for Android</a>""",NursesWhoVax,0,FALSE,FALSE,NA,NA,
102,DT Williams to skip bench press at combine - #GoogleAlerts Our 2018 @OutlandTrophy recipien‚Ä¶,FALSE,0,NA,2/28/19 1:08,TRUE,NA,1.10E+18,NA,"<a href=\http://twitter.com\"" rel=\""nofollow\"">Twitter Web Client</a>""",outlandtrophy,0,FALSE,FALSE,NA,NA,
103,Glad to see that legislators are getting their briefings from #flu experts. We support the quest for a universal f‚Ä¶,FALSE,4,NA,2/27/19 20:22,TRUE,NA,1.10E+18,NA,"<a href=\https://www.hootsuite.com\"" rel=\""nofollow\"">Hootsuite Inc.</a>""",famfightflu,1,FALSE,FALSE,NA,NA,
104,"Are sneezes and sniffles a sign of a cold or flu? Both are contagious and can have similar symptoms. However, colds‚Ä¶",FALSE,12,NA,2/27/19 18:28,TRUE,NA,1.10E+18,NA,"<a href=\https://www.hootsuite.com\"" rel=\""nofollow\"">Hootsuite Inc.</a>""",CAPublicHealth,10,FALSE,FALSE,NA,NA,
105,#DYK how #flu vaccines are made? Our own Dr. Len Friedland goes #behindthescience w/ @PeiSzeCheng4NY of @NBCNewYork‚Ä¶,FALSE,8,NA,2/27/19 18:23,TRUE,NA,1.10E+18,NA,"<a href=\https://prod1.sprinklr.com\"" rel=\""nofollow\"">Sprinklr Publishing</a>""",GSKUS,4,FALSE,FALSE,NA,NA,
106,"@CrispinCuttino While the single best way to #fightflu is to get vaccinated, everyday preventive actions are an imp‚Ä¶",FALSE,1,CDCFlu,2/27/19 18:03,TRUE,1.10E+18,1.10E+18,16616061,"<a href=\http://twitter.com\"" rel=\""nofollow\"">Twitter Web Client</a>""",CDCFlu,0,FALSE,FALSE,NA,NA,
107,"‚ÄúDon‚Äôt worry, I woke up feeling better. I‚Äôm not sick.‚Äù The Center for Disease Control and Prevention says people w‚Ä¶",FALSE,8,NA,2/27/19 17:23,TRUE,NA,1.10E+18,NA,"<a href=\https://sproutsocial.com\"" rel=\""nofollow\"">Sprout Social</a>""",NationalPTA,11,FALSE,FALSE,NA,NA,
108,#REPOST via IG: jazmyn_amethyst There‚Äôs no way I‚Äôm letting the flu ruin my travel plans and neither should you! It‚Ä¶,FALSE,0,NA,2/27/19 17:20,TRUE,NA,1.10E+18,NA,"<a href=\https://www.socialreport.com\"" rel=\""nofollow\"">SocialReport.com</a>""",stopflunow,0,FALSE,FALSE,NA,NA,
109,The #ACIP reports recent licensure changes in regard to #flu vaccines for young children. #FightFlu,FALSE,1,NA,2/27/19 17:11,FALSE,NA,1.10E+18,NA,"<a href=\https://www.hootsuite.com\"" rel=\""nofollow\"">Hootsuite Inc.</a>""",famfightflu,1,FALSE,FALSE,NA,NA,
110,Want to help your body fight off the flu? Get better sleep. #sleep #flu #fightflu #virus #health‚Ä¶,FALSE,2,NA,2/27/19 17:04,TRUE,NA,1.10E+18,NA,"<a href=\https://buffer.com\"" rel=\""nofollow\"">Buffer</a>""",MIRAPartners,1,FALSE,FALSE,NA,NA,
111,#ACIP #flu update: @WHO has made their recommendation for flu virus selection for the 2019-2020 influenza season. A‚Ä¶,FALSE,2,NA,2/27/19 16:04,TRUE,NA,1.10E+18,NA,"<a href=\https://www.hootsuite.com\"" rel=\""nofollow\"">Hootsuite Inc.</a>""",famfightflu,1,FALSE,FALSE,NA,NA,
112,"Like winter, ‚ùÑÔ∏è flu season isn‚Äôt over yet. If flu's caught up to you remember to cough or sneeze into the bend of‚Ä¶",FALSE,4,NA,2/27/19 15:55,TRUE,NA,1.10E+18,NA,"<a href=\https://www.hootsuite.com\"" rel=\""nofollow\"">Hootsuite Inc.</a>""",CPHO_Canada,1,FALSE,FALSE,NA,NA,
113,Think the flu season is over? Think again! But it's not too late to protect yourself &amp; everyone around you from ser‚Ä¶,FALSE,0,NA,2/27/19 15:55,TRUE,NA,1.10E+18,NA,"<a href=\https://about.twitter.com/products/tweetdeck\"" rel=\""nofollow\"">TweetDeck</a>""",DHSWI,0,FALSE,FALSE,NA,NA,
114,"#DYK: During the 2017-2018 #flu season, 185 children died due to flu and related complications? Download the #NFID‚Ä¶",FALSE,1,NA,2/27/19 15:30,TRUE,NA,1.10E+18,NA,"<a href=\https://www.hootsuite.com\"" rel=\""nofollow\"">Hootsuite Inc.</a>""",NFIDvaccines,1,FALSE,FALSE,NA,NA,
115,Want to learn more about #personalhealth? ‚úî this out. #NHES Std. 1 and Std. 7 #fightflu,FALSE,0,NA,2/27/19 11:56,FALSE,NA,1.10E+18,NA,"<a href=\http://twitter.com/download/android\"" rel=\""nofollow\"">Twitter for Android</a>""",slsshonna,0,FALSE,FALSE,NA,NA,
116,"‚ÄúJude died from influenza B. The flu. That doesn‚Äôt sound so bad, right? Just an ordinary illness that everyone gets‚Ä¶",FALSE,17,NA,2/27/19 3:32,TRUE,NA,1.10E+18,NA,"<a href=\http://twitter.com/download/iphone\"" rel=\""nofollow\"">Twitter for iPhone</a>""",drfixus,4,FALSE,FALSE,NA,NA,
117,Flu is unpredictable! H1N1 has been the dominant flu strain this season but reports indicate that H3N2 now account‚Ä¶,FALSE,4,NA,2/27/19 2:11,TRUE,NA,1.10E+18,NA,"<a href=\https://sproutsocial.com\"" rel=\""nofollow\"">Sprout Social</a>""",famfightflu,5,FALSE,FALSE,NA,NA,NA
118,\An infant from North Jersey died from #flu complications in January,".. the third child in New Jersey to die from f‚Ä¶""",FALSE,10,NA,2/27/19 0:30,TRUE,NA,1.10E+18,NA,"<a href=\http://www.facebook.com/twitter\"" rel=\""nofollow\"">Facebook</a>""",DrPanMD,4,FALSE,FALSE,NA,
119,Our Twitter Takeover highlighting children and flu with Dr. Swanson has been postponed. A new date and time for thi‚Ä¶,FALSE,25,NA,2/27/19 0:28,TRUE,NA,1.10E+18,NA,"<a href=\http://twitter.com\"" rel=\""nofollow\"">Twitter Web Client</a>""",CDCFlu,14,FALSE,FALSE,NA,NA,
120,North Gwinnett grad Mitch Hyatt lives in the moment while preparing for the NFL Combine -,FALSE,4,NA,2/26/19 23:16,TRUE,NA,1.10E+18,NA,"<a href=\http://twitter.com\"" rel=\""nofollow\"">Twitter Web Client</a>""",outlandtrophy,3,FALSE,FALSE,NA,NA,
121,"#REPOST via IG: lepashandi If you still need to #getyourflushot, it‚Äôs not too late! Up to 50 million in the US get‚Ä¶",FALSE,1,NA,2/26/19 23:09,TRUE,NA,1.10E+18,NA,"<a href=\https://www.socialreport.com\"" rel=\""nofollow\"">SocialReport.com</a>""",stopflunow,1,FALSE,FALSE,NA,NA,
122,UH's Ed Oliver expected to dominate NFL scouting combine,FALSE,7,NA,2/26/19 23:09,TRUE,NA,1.10E+18,NA,"<a href=\http://twitter.com\"" rel=\""nofollow\"">Twitter Web Client</a>""",outlandtrophy,2,FALSE,FALSE,NA,NA,
123,"If you are planning to visit the hospital, please be aware that flu restrictions are in place. These restrictions,‚Ä¶",FALSE,5,NA,2/26/19 21:28,TRUE,NA,1.10E+18,NA,"<a href=\http://twitter.com\"" rel=\""nofollow\"">Twitter Web Client</a>""",dukeraleigh,1,FALSE,FALSE,NA,NA,
124,"Did you know that even as a young, healthy adult, you can still be very susceptible to the flu? Check out the video‚Ä¶",FALSE,1,NA,2/26/19 21:00,TRUE,NA,1.10E+18,NA,"<a href=\https://about.twitter.com/products/tweetdeck\"" rel=\""nofollow\"">TweetDeck</a>""",healthycampus,0,FALSE,FALSE,NA,NA,
125,"Fever, aches, and cough? It could mean #flu. Review the full list of symptoms and see your doctor if you are very‚Ä¶",FALSE,8,NA,2/26/19 19:01,TRUE,NA,1.10E+18,NA,"<a href=\https://studio.twitter.com\"" rel=\""nofollow\"">Twitter Media Studio</a>""",CDCDirector,7,FALSE,FALSE,NA,NA,
126,#TwitterTakeover Alert! Tune in tomorrow at 10:30 am ET/7:30 am PT for pediatrician @SeattleMamaDoc‚Äôs takeover of‚Ä¶,FALSE,17,NA,2/26/19 18:32,TRUE,NA,1.10E+18,NA,"<a href=\https://sproutsocial.com\"" rel=\""nofollow\"">Sprout Social</a>""",CDCgov,10,FALSE,FALSE,NA,NA,
127,"#FluTip: If you are at high risk for #flu complications, your #healthcareprovider can prescribe antiviral medicatio‚Ä¶",FALSE,0,NA,2/26/19 18:12,TRUE,NA,1.10E+18,NA,"<a href=\https://buffer.com\"" rel=\""nofollow\"">Buffer</a>""",TuSNHD,0,FALSE,FALSE,NA,NA,
128,"Headaches, fatigue, &amp; fever are all symptoms of #flu. Learn more about the differences between cold &amp; #flu:‚Ä¶",FALSE,3,NA,2/26/19 18:01,TRUE,NA,1.10E+18,NA,"<a href=\https://www.hootsuite.com\"" rel=\""nofollow\"">Hootsuite Inc.</a>""",NFIDvaccines,4,FALSE,FALSE,NA,NA,
130,"Worried that you could get the flu from a flu shot? The flu vaccine is made with dead flu viruses, so it can‚Äôt giv‚Ä¶",FALSE,1,NA,2/26/19 17:01,TRUE,NA,1.10E+18,NA,"<a href=\https://www.socialreport.com\"" rel=\""nofollow\"">SocialReport.com</a>""",stopflunow,1,FALSE,FALSE,NA,NA,
131,Influenza: could be one less thing your child brings home this winter. Protect them and yourself. More info:‚Ä¶,FALSE,0,NA,2/26/19 16:05,TRUE,NA,1.10E+18,NA,"<a href=\https://about.twitter.com/products/tweetdeck\"" rel=\""nofollow\"">TweetDeck</a>""",AHS_NorthZone,0,FALSE,FALSE,NA,NA,
132,Abt‚Äôs Sarah Ball is part of a #globalcommunity of researchers invested in #FluResearch. Learn how she‚Äôs working t‚Ä¶,FALSE,8,NA,2/26/19 15:30,TRUE,NA,1.10E+18,NA,"<a href=\https://sproutsocial.com\"" rel=\""nofollow\"">Sprout Social</a>""",abtassociates,4,FALSE,FALSE,NA,NA,
133,Nebraska near top of list for reported flu cases as cold weather persists - #FightFlu,FALSE,4,NA,2/26/19 15:21,FALSE,NA,1.10E+18,NA,"<a href=\http://twitter.com\"" rel=\""nofollow\"">Twitter Web Client</a>""",famfightflu,5,FALSE,FALSE,NA,NA,