no,text,favorited,favoriteCount,replyToSN,created,truncated,replyToSID,id,replyToUID,statusSource,screenName,retweetCount,isRetweet,retweeted,longitude,latitude,,
1,Today is the perfect day to go home and read ‚ÄòGirltopia‚Äô by HilaryRogers #IDW2019 #FluSeason,FALSE,0,NA,3/8/19 5:05,FALSE,NA,1.10388E+18,NA,"<a href=\http://twitter.com/download/iphone\"" rel=\""nofollow\"">Twitter for iPhone</a>""",Toltzable,0,FALSE,FALSE,NA,NA,,
2,My abs hurt from coughing so much #FluSeason,FALSE,0,NA,3/8/19 3:45,FALSE,NA,1.10386E+18,NA,"<a href=\http://twitter.com/download/iphone\"" rel=\""nofollow\"">Twitter for iPhone</a>""",jwosiack,0,FALSE,FALSE,NA,NA,,
3,There is a lot of misinformation out there regarding the flu. @HarvardHealth tries to dispel the 10 most common my‚Ä¶,FALSE,0,NA,3/8/19 3:32,TRUE,NA,1.10386E+18,NA,"<a href=\https://sproutsocial.com\"" rel=\""nofollow\"">Sprout Social</a>""",PHIAirMed,0,FALSE,FALSE,NA,NA,,
4,Take Care Of Your Hands!! #Winter #FluSeason #Health #Skincare #Germs,FALSE,1,NA,3/8/19 3:07,FALSE,NA,1.10385E+18,NA,"<a href=\http://twitter.com/download/iphone\"" rel=\""nofollow\"">Twitter for iPhone</a>""",lulabelldesigns,1,FALSE,FALSE,NA,NA,,
5,Thanks for the love @ktvu #WelloStation #daycareowl #childcare #healthcare #children #daycare #bayarea #technews‚Ä¶,FALSE,0,NA,3/8/19 3:02,TRUE,NA,1.10385E+18,NA,"<a href=\http://twitter.com/download/iphone\"" rel=\""nofollow\"">Twitter for iPhone</a>""",akritiandco,0,FALSE,FALSE,NA,NA,,
6,Apparently holding your breath for 10 seconds isn‚Äôt long enough when someone coughs next to you to avoid getting si‚Ä¶,FALSE,0,NA,3/8/19 2:44,TRUE,NA,1.10385E+18,NA,"<a href=\http://twitter.com/download/iphone\"" rel=\""nofollow\"">Twitter for iPhone</a>""",KowVarner,0,FALSE,FALSE,NA,NA,,
7,#Fluseason is upon us and germs are coming at us from all directions. It's well worth arming yourself against aches‚Ä¶,FALSE,0,NA,3/8/19 1:01,TRUE,NA,1.10382E+18,NA,"<a href=\http://hearsaysystems.com\"" rel=\""nofollow\"">Hearsay Social</a>""",danders_coop,0,FALSE,FALSE,NA,NA,,
8,The flu took me down for a while. Getting better though. Hope everyone else is feeling okay. #Flu #FluSeason #Eww,FALSE,0,NA,3/8/19 0:54,FALSE,NA,1.10382E+18,NA,"<a href=\http://twitter.com/download/android\"" rel=\""nofollow\"">Twitter for Android</a>""",ArnettaReed14,0,FALSE,FALSE,NA,NA,,
9,#Fluseason is here. Germs are everywhere. Even in your car. Disinfecting wipes help clean bacteria-prone surfaces l‚Ä¶,FALSE,0,NA,3/8/19 0:30,TRUE,NA,1.10382E+18,NA,"<a href=\http://hearsaysystems.com\"" rel=\""nofollow\"">Hearsay Social</a>""",ClearviewCoop,0,FALSE,FALSE,NA,NA,,
10,"AHHHH CHOOOOO!!! If you've spent time with little kids, you know someone is always wiping snot on their sleeve, or‚Ä¶",FALSE,0,NA,3/7/19 22:26,TRUE,NA,1.10378E+18,NA,"<a href=\http://twitter.com/download/android\"" rel=\""nofollow\"">Twitter for Android</a>""",LRoweParker,0,FALSE,FALSE,NA,NA,,
11,Our Health Educators frequently present in the lobbies of the department to discuss and share important information‚Ä¶,FALSE,0,NA,3/7/19 21:34,TRUE,NA,1.10377E+18,NA,"<a href=\http://twitter.com\"" rel=\""nofollow\"">Twitter Web Client</a>""",NewarkDHCW,0,FALSE,FALSE,NA,NA,,
12,"Handwashing habits improve when #fluseason hits, survey shows. #WorkerWellness",FALSE,0,NA,3/7/19 19:47,FALSE,NA,1.10374E+18,NA,"<a href=\https://www.hootsuite.com\"" rel=\""nofollow\"">Hootsuite Inc.</a>""",powerlinesinc,0,FALSE,FALSE,NA,NA,,
13,#FluFact: We received reports of 550 #flu-related hospitalizations this #fluseason. Most in people over age 50. Ant‚Ä¶,FALSE,0,NA,3/7/19 18:05,TRUE,NA,1.10372E+18,NA,"<a href=\https://buffer.com\"" rel=\""nofollow\"">Buffer</a>""",TuSNHD,0,FALSE,FALSE,NA,NA,,
14,Did you know that #FluSeason can last all the way through May? Protect your child and others by getting the flu sho‚Ä¶,FALSE,0,NA,3/7/19 18:05,TRUE,NA,1.10372E+18,NA,"<a href=\https://www.hootsuite.com\"" rel=\""nofollow\"">Hootsuite Inc.</a>""",FuturePEDpc,0,FALSE,FALSE,NA,NA,,
16,The CDC warns about a second wave of influenza across the Mid-Atlantic. @13AdrianaDeAlba spoke with Patient First's‚Ä¶,FALSE,0,NA,3/7/19 17:33,TRUE,NA,1.10371E+18,NA,"<a href=\https://about.twitter.com/products/tweetdeck\"" rel=\""nofollow\"">TweetDeck</a>""",PatientFirst,1,FALSE,FALSE,NA,NA,,
17,ID rounding... still seeing Flu!@CMC_IM #fluseason,FALSE,2,NA,3/7/19 17:07,FALSE,NA,1.1037E+18,NA,"<a href=\http://twitter.com/download/iphone\"" rel=\""nofollow\"">Twitter for iPhone</a>""",mkleona,0,FALSE,FALSE,NA,NA,,
18,Wondering what to tell your #flu patient who you are sending home? The CDC recommends staying home for at least 24‚Ä¶,FALSE,0,NA,3/7/19 17:01,TRUE,NA,1.1037E+18,NA,"<a href=\https://www.semrush.com/\"" rel=\""nofollow\"">SEMrush Social Media Tool</a>""",EBmedicine,0,FALSE,FALSE,NA,NA,,
19,Some of you didn't learn how to wash your hands properly in kindergarten and it shows #stopspreadinggerms‚Ä¶,FALSE,2,NA,3/7/19 16:25,TRUE,NA,1.10369E+18,NA,"<a href=\http://twitter.com/download/android\"" rel=\""nofollow\"">Twitter for Android</a>""",MsAmandaMeador,0,FALSE,FALSE,NA,NA,,
20,"At the end of last month, we were still seeing high levels of the flu in 33 states and New York City. This year's‚Ä¶",FALSE,15,NA,3/7/19 16:16,TRUE,NA,1.10369E+18,NA,"<a href=\https://about.twitter.com/products/tweetdeck\"" rel=\""nofollow\"">TweetDeck</a>""",DrLeanaWen,5,FALSE,FALSE,NA,NA,,
21,Times like this I wish I had a bae... I just want someone to feed me soup and rub vicks on my back ü§£ü§£ü§£ #fluseason,FALSE,0,NA,3/7/19 16:11,FALSE,NA,1.10369E+18,NA,"<a href=\http://twitter.com/download/iphone\"" rel=\""nofollow\"">Twitter for iPhone</a>""",marlitasway,0,FALSE,FALSE,NA,NA,,
22,Plan for absences that keep students on their academic path with sub plans for the digital age!‚Ä¶,FALSE,10,NA,3/7/19 16:02,TRUE,NA,1.10369E+18,NA,"<a href=\http://twitter.com\"" rel=\""nofollow\"">Twitter Web Client</a>""",traceymikos,1,FALSE,FALSE,NA,NA,,
23,"The Flu Season is not over; the CDC says it's not too late to get a flu shot to protect yourself, family members, f‚Ä¶",FALSE,0,NA,3/7/19 15:33,TRUE,NA,1.10368E+18,NA,"<a href=\http://twitter.com\"" rel=\""nofollow\"">Twitter Web Client</a>""",JohnGBaresky,0,FALSE,FALSE,NA,NA,,
26,"A new @CDCgov study shows the flu vaccine prevented more than 7 million flu illnesses, 109,000 flu hospitalizations‚Ä¶",FALSE,0,NA,3/7/19 14:30,TRUE,NA,1.10366E+18,NA,"<a href=\https://www.hootsuite.com\"" rel=\""nofollow\"">Hootsuite Inc.</a>""",WV_DHHR,1,FALSE,FALSE,NA,NA,,
27,Another McClure's Choice article posted at our website.....this one about Flu Season possibly peaking for 2019?! C‚Ä¶,FALSE,0,NA,3/7/19 14:01,TRUE,NA,1.10366E+18,NA,"<a href=\https://www.hootsuite.com\"" rel=\""nofollow\"">Hootsuite Inc.</a>""",MCCInternalMed,0,FALSE,FALSE,NA,NA,,
28,Trying my best even with a cold. And my teacher loves that i already have the #festivalfever in the middle of the‚Ä¶,FALSE,0,NA,3/7/19 13:48,TRUE,NA,1.10365E+18,NA,"<a href=\https://mobile.twitter.com\"" rel=\""nofollow\"">Twitter Web App</a>""",Fuckedistaken,0,FALSE,FALSE,NA,NA,,
29,How are you managing your staff absences during the cold and flu season? #StaffAbsence #FluSeason #StaffPlanning,FALSE,0,NA,3/7/19 10:01,FALSE,NA,1.1036E+18,NA,"<a href=\https://www.hootsuite.com\"" rel=\""nofollow\"">Hootsuite Inc.</a>""",activpeoplehr,0,FALSE,FALSE,NA,NA,,
31,"Whilst most of us don't like to admit defeat when we're ill, the most considerate thing we can do to avoid sharing‚Ä¶",FALSE,0,NA,3/7/19 7:56,TRUE,NA,1.10356E+18,NA,"<a href=\https://buffer.com\"" rel=\""nofollow\"">Buffer</a>""",WooshWashrooms,0,FALSE,FALSE,NA,NA,,
32,Hope you like pedialyte. #parenting #fluseason,FALSE,0,NA,3/7/19 4:55,FALSE,NA,1.10352E+18,NA,"<a href=\http://twitter.com/download/iphone\"" rel=\""nofollow\"">Twitter for iPhone</a>""",BrookeManolis,0,FALSE,FALSE,NA,NA,,
33,Dr. James Lin shares 5 tips for staying healthy when others are sick. ‚ûî #fluseason,FALSE,5,NA,3/7/19 3:00,FALSE,NA,1.10349E+18,NA,"<a href=\https://www.sprinklr.com\"" rel=\""nofollow\"">Sprinklr</a>""",sharphealthcare,0,FALSE,FALSE,NA,NA,,
34,i am feeling much better so my darling and our youngest are now sick. #familyties #fluseason #hadtheshot SO to my‚Ä¶,FALSE,1,NA,3/7/19 2:13,TRUE,NA,1.10348E+18,NA,"<a href=\http://twitter.com/download/android\"" rel=\""nofollow\"">Twitter for Android</a>""",itsanancything,0,FALSE,FALSE,NA,NA,,
35,Do you have enough #VitaminC? üçä #cold #cough #fluseason #allergyseason #boost #immunesystem #immune #boostpower #flu,FALSE,1,NA,3/7/19 1:26,FALSE,NA,1.10347E+18,NA,"<a href=\http://twitter.com/download/iphone\"" rel=\""nofollow\"">Twitter for iPhone</a>""",GetBoostPower,0,FALSE,FALSE,NA,NA,,
36,Worried about germs at work? Ask your office manager or HR department to install a waterless hand-washing station.‚Ä¶,FALSE,0,NA,3/7/19 0:58,TRUE,NA,1.10346E+18,NA,"<a href=\http://www.facebook.com/twitter\"" rel=\""nofollow\"">Facebook</a>""",CCAquaticCenter,0,FALSE,FALSE,NA,NA,,
37,This flu is completely savage and as the caregiver for someone fighting cancer I can not be too careful. I don‚Äôt re‚Ä¶,FALSE,0,NA,3/7/19 0:14,TRUE,NA,1.10345E+18,NA,"<a href=\http://twitter.com/download/iphone\"" rel=\""nofollow\"">Twitter for iPhone</a>""",britishemily78,0,FALSE,FALSE,NA,NA,,
39,How to protect yourself from the #flu! #FluSeason,FALSE,0,NA,3/6/19 21:40,FALSE,NA,1.10341E+18,NA,"<a href=\https://www.hootsuite.com\"" rel=\""nofollow\"">Hootsuite Inc.</a>""",StayYoungMedia,0,FALSE,FALSE,NA,NA,,
40,Moms and doctor visits go hand in hand. You think after all these doctor visits that I‚Äôd be a certified nurse.‚Ä¶,FALSE,0,NA,3/6/19 21:03,TRUE,NA,1.1034E+18,NA,"<a href=\http://twitter.com/download/iphone\"" rel=\""nofollow\"">Twitter for iPhone</a>""",victoriaf_c,0,FALSE,FALSE,NA,NA,,
41,Knowing that Vince Herbert is now facing eviction and bouncing checks has actually made me feel better - I'll see y‚Ä¶,FALSE,39,NA,3/6/19 20:40,TRUE,NA,1.1034E+18,NA,"<a href=\http://twitter.com\"" rel=\""nofollow\"">Twitter Web Client</a>""",troitorain,10,FALSE,FALSE,NA,NA,,
42,"Just a reminder- the flu season isn't over yet... it can actually last into May! Make sure you avoid the flu, this‚Ä¶",FALSE,0,NA,3/6/19 19:44,TRUE,NA,1.10338E+18,NA,"<a href=\http://www.salesforce.com\"" rel=\""nofollow\"">Salesforce - Social Studio</a>""",BurtonandCo1891,0,FALSE,FALSE,NA,NA,,
43,"PUSH through #fluseason with Karma üí™üèºVitamins, superfruits + probiotics are kept at their MAX potency in our KarmaC‚Ä¶",FALSE,1,NA,3/6/19 19:20,TRUE,NA,1.10337E+18,NA,"<a href=\http://twitter.com/download/iphone\"" rel=\""nofollow\"">Twitter for iPhone</a>""",drinkkarma,2,FALSE,FALSE,NA,NA,,
44,"Tip for improving quality of #patientcare: hand hygiene! Wash, dry, repeat! #fluseason #washyourhands #health #hospital #stayhealthy",FALSE,0,NA,3/6/19 19:08,FALSE,NA,1.10337E+18,NA,"<a href=\http://twitter.com\"" rel=\""nofollow\"">Twitter Web Client</a>""",MariaRyanNH,0,FALSE,FALSE,NA,NA,,
45,Got told to take off the rest of the week by a doctor cause i have pneumonia and the flu. I feel fine so i went and‚Ä¶,FALSE,1,NA,3/6/19 18:41,TRUE,NA,1.10336E+18,NA,"<a href=\http://twitter.com/download/android\"" rel=\""nofollow\"">Twitter for Android</a>""",Nobilletee,0,FALSE,FALSE,NA,NA,,
46,Cold and #FluSeason: 5 Ways to Care for Your Mouth When You‚Äôre Sick from @AmerDentalAssn‚Ä¶,FALSE,0,NA,3/6/19 17:45,TRUE,NA,1.10335E+18,NA,"<a href=\https://www.hootsuite.com\"" rel=\""nofollow\"">Hootsuite Inc.</a>""",PSPTampa,0,FALSE,FALSE,NA,NA,,
47,"With the #FluSeason winding down and #SpringCleaning on the horizon, it may be a good time to offer an additional c‚Ä¶",FALSE,3,NA,3/6/19 17:22,TRUE,NA,1.10335E+18,NA,"<a href=\http://twitter.com\"" rel=\""nofollow\"">Twitter Web Client</a>""",CleanTelligent1,2,FALSE,FALSE,NA,NA,,
48,#FluSeason bed rest per the doctor ‚òπÔ∏è,FALSE,0,NA,3/6/19 17:07,FALSE,NA,1.10334E+18,NA,"<a href=\http://twitter.com/download/iphone\"" rel=\""nofollow\"">Twitter for iPhone</a>""",mtlearned1,0,FALSE,FALSE,NA,NA,,
49,Hey #CarsonCity! It's not too late to protect yourself and those around you! #FluSeason #ValueCHCs‚Ä¶,FALSE,0,NA,3/6/19 17:00,TRUE,NA,1.10334E+18,NA,"<a href=\http://twitter.com\"" rel=\""nofollow\"">Twitter Web Client</a>""",NVPCA,0,FALSE,FALSE,NA,NA,,
50,Our team went to El Paso last week for an exciting reason! Stay tuned for an exciting announcement coming soon!‚Ä¶,FALSE,7,NA,3/6/19 16:40,TRUE,NA,1.10333E+18,NA,"<a href=\http://twitter.com/download/iphone\"" rel=\""nofollow\"">Twitter for iPhone</a>""",Urgentcarekids,2,FALSE,FALSE,NA,NA,,
51,It‚Äôs not too late to protect yourself from the flu! #FluShot #FluSeason,FALSE,0,NA,3/6/19 16:38,FALSE,NA,1.10333E+18,NA,"<a href=\http://twitter.com/download/iphone\"" rel=\""nofollow\"">Twitter for iPhone</a>""",WayneCoHD,0,FALSE,FALSE,NA,NA,,
52,So with 4 days of flu hell my #amwriting has been lacking. Gonna try to get a PAGE written today if my body will le‚Ä¶,FALSE,5,NA,3/6/19 16:08,TRUE,NA,1.10333E+18,NA,"<a href=\http://twitter.com/download/android\"" rel=\""nofollow\"">Twitter for Android</a>""",BethStowers,0,FALSE,FALSE,NA,NA,,
53,@KolbyEatWorld I‚Äôve already died 3 times today. #fluseason,FALSE,1,KolbyEatWorld,3/6/19 16:02,FALSE,1.10331E+18,1.10332E+18,424757797,"<a href=\http://twitter.com/download/iphone\"" rel=\""nofollow\"">Twitter for iPhone</a>""",EatTweeetRepeat,0,FALSE,FALSE,NA,NA,,
54,Wouldn't hurt to keep this info handy from @KCMOHealthDept for ongoing #FluSeason2019! #ColdandFlu #CollegeHealth‚Ä¶,FALSE,2,NA,3/6/19 15:20,TRUE,NA,1.10331E+18,NA,"<a href=\http://twitter.com\"" rel=\""nofollow\"">Twitter Web Client</a>""",ConcordeCareer,1,FALSE,FALSE,NA,NA,,
55,"After this #FluSeason, this is great news... Researchers Are Using Artificial Intelligence to Make a Better Flu Vac‚Ä¶",FALSE,0,NA,3/6/19 14:57,TRUE,NA,1.10331E+18,NA,"<a href=\https://buffer.com\"" rel=\""nofollow\"">Buffer</a>""",teacheyd,0,FALSE,FALSE,NA,NA,,
56,"Weekly Influenza Report, Week 9: The number of confirmed cases of flu continues to rise in Clay County, especially‚Ä¶",FALSE,1,NA,3/6/19 14:39,TRUE,NA,1.1033E+18,NA,"<a href=\http://twitter.com\"" rel=\""nofollow\"">Twitter Web Client</a>""",claymohealth,1,FALSE,FALSE,NA,NA,,
57,Flu Season Has Schools Increasing Disinfection #infectioncontrol #fluseason #healthyschool #FacilitiesMgmt,FALSE,3,NA,3/6/19 14:17,FALSE,NA,1.1033E+18,NA,"<a href=\http://twitter.com\"" rel=\""nofollow\"">Twitter Web Client</a>""",cleaning_Mag,2,FALSE,FALSE,NA,NA,,
58,#ICYMI Officials say this #FluSeason has yet to peak! Read our #WellnessWednesday- How to Avoid the #Flu with Nurse‚Ä¶,FALSE,1,NA,3/6/19 14:16,TRUE,NA,1.1033E+18,NA,"<a href=\https://www.blog2social.com\"" rel=\""nofollow\"">Blog2Social APP</a>""",HCNowRadio,1,FALSE,FALSE,NA,NA,,
59,It‚Äôs #fluseason. That‚Äôs why I cover my microphone with a wet wipe before I go on the air. I want to be fully covere‚Ä¶,FALSE,0,NA,3/6/19 14:05,TRUE,NA,1.1033E+18,NA,"<a href=\https://about.twitter.com/products/tweetdeck\"" rel=\""nofollow\"">TweetDeck</a>""",951wape,0,FALSE,FALSE,NA,NA,,
60,This is for the H3N2 strain #FDA #WHO #Health #FluSeason,FALSE,0,NA,3/6/19 13:35,FALSE,NA,1.10329E+18,NA,"<a href=\http://twitter.com\"" rel=\""nofollow\"">Twitter Web Client</a>""",aalex413,0,FALSE,FALSE,NA,NA,,
61,Both the @US_FDA and @WHO will finalize flu vaccine recommendations on March 21 and 22 #FDA #vaccines #FluSeason,FALSE,0,NA,3/6/19 13:29,FALSE,NA,1.10329E+18,NA,"<a href=\http://twitter.com\"" rel=\""nofollow\"">Twitter Web Client</a>""",aalex413,1,FALSE,FALSE,NA,NA,,
62,Happening Now! #Influenza vaccine makers will know better how to gear up for the next #FluSeason after the @US_FDA‚Ä¶,FALSE,1,NA,3/6/19 13:04,TRUE,NA,1.10328E+18,NA,"<a href=\http://twitter.com\"" rel=\""nofollow\"">Twitter Web Client</a>""",aalex413,0,FALSE,FALSE,NA,NA,,
63,When your house turns into a sick ward! #fluseason,FALSE,1,NA,3/6/19 12:47,FALSE,NA,1.10328E+18,NA,"<a href=\http://instagram.com\"" rel=\""nofollow\"">Instagram</a>""",williamshriner,0,FALSE,FALSE,NA,NA,,
64,Stay warm out there.. wash your hands.. use hand sanitizers.. Try not to spread germs kids! #fluseason #peelfam‚Ä¶,FALSE,1,NA,3/6/19 12:25,TRUE,NA,1.10327E+18,NA,"<a href=\http://twitter.com/download/android\"" rel=\""nofollow\"">Twitter for Android</a>""",Charlottemazur1,0,FALSE,FALSE,NA,NA,,
65,How can you tell if something is truly clean? A new method combines #AI and hyperspectral imaging to reveal what's‚Ä¶,FALSE,1,NA,3/6/19 9:22,TRUE,NA,1.10322E+18,NA,"<a href=\http://twitter.com\"" rel=\""nofollow\"">Twitter Web Client</a>""",AaltoUniversity,0,FALSE,FALSE,NA,NA,,
66,Just got yelled at by a vomiting 5 year old because #momlife (She wanted medicine and I said no b/c it won't stay d‚Ä¶,FALSE,0,NA,3/6/19 7:41,TRUE,NA,1.1032E+18,NA,"<a href=\http://twitter.com/download/android\"" rel=\""nofollow\"">Twitter for Android</a>""",TCowle,0,FALSE,FALSE,NA,NA,,
67,"I have to admit, I am not very risk adverse. For example, I have never had a flu shot in my life. Yep, living on th‚Ä¶",FALSE,0,NA,3/6/19 5:46,TRUE,NA,1.10317E+18,NA,"<a href=\http://twitter.com/download/iphone\"" rel=\""nofollow\"">Twitter for iPhone</a>""",BradALevin,0,FALSE,FALSE,NA,NA,,
68,Don't forget to change your #toothbrush after you're sick! #stayhealthy #fluseason,FALSE,0,NA,3/6/19 2:51,FALSE,NA,1.10313E+18,NA,"<a href=\https://www.socialreport.com\"" rel=\""nofollow\"">SocialReport.com</a>""",FraserVDentist,0,FALSE,FALSE,NA,NA,,
69,The Lord replied: \ my presence will go with you," and I will give you rest.\"" Exodus 33:14 #FluSeasonü§íü§íü§í""",FALSE,1,NA,3/6/19 2:42,FALSE,NA,1.10312E+18,NA,"<a href=\http://twitter.com/download/android\"" rel=\""nofollow\"">Twitter for Android</a>""",ThonTon2,2,FALSE,FALSE,NA,NA,
70,A love note to my fellow educators... #fluseason,FALSE,11,NA,3/6/19 2:38,FALSE,NA,1.10312E+18,NA,"<a href=\http://twitter.com/download/iphone\"" rel=\""nofollow\"">Twitter for iPhone</a>""",JordansJargon,1,FALSE,FALSE,NA,NA,,
71,Getting chapped lips suck. But having a runny ass nose and then getting some chapped nostrils is worse. #fluseason,FALSE,1,NA,3/6/19 2:33,FALSE,NA,1.10312E+18,NA,"<a href=\http://twitter.com/download/android\"" rel=\""nofollow\"">Twitter for Android</a>""",Monicaminty,0,FALSE,FALSE,NA,NA,,
72,Hand sanitizer greeting for morning meeting! #responsiveclassroom #WeAreDPS #fluseason #FalconsSoar,FALSE,6,NA,3/6/19 1:48,FALSE,NA,1.10311E+18,NA,"<a href=\http://twitter.com/download/iphone\"" rel=\""nofollow\"">Twitter for iPhone</a>""",MsNash1st,0,FALSE,FALSE,NA,NA,,
73,"Just charcoal-clay-masked, bubble-bathed my way through this damn cold. Charcoal removes toxins right? Totally coun‚Ä¶",FALSE,0,NA,3/6/19 1:36,TRUE,NA,1.10311E+18,NA,"<a href=\http://twitter.com/download/iphone\"" rel=\""nofollow\"">Twitter for iPhone</a>""",cdubbs420,0,FALSE,FALSE,NA,NA,,
74,"Being sick SUCKS üò∑ü§ßü§í but at least I have a cute boyfriend who is playing doctor, nurse, masseuse and all around bes‚Ä¶",FALSE,0,NA,3/6/19 1:09,TRUE,NA,1.1031E+18,NA,"<a href=\http://twitter.com/download/android\"" rel=\""nofollow\"">Twitter for Android</a>""",MirandaLBusby,0,FALSE,FALSE,NA,NA,,
75,"Apparently, wearing onions on the backs of your feet helps cure colds. After 10 days of suffering, I‚Äôll try almost‚Ä¶",FALSE,10,NA,3/6/19 0:25,TRUE,NA,1.10309E+18,NA,"<a href=\http://twitter.com/download/iphone\"" rel=\""nofollow\"">Twitter for iPhone</a>""",MeredithSchorr,0,FALSE,FALSE,NA,NA,,
76,Not the one when you finally finish work for 2 weeks annual leave and you‚Äôve got a chest infection üò≠üò≠üò≠üò≠ #FluSeason,FALSE,0,NA,3/5/19 23:42,FALSE,NA,1.10308E+18,NA,"<a href=\http://twitter.com/download/iphone\"" rel=\""nofollow\"">Twitter for iPhone</a>""",SugaTaeKookie95,0,FALSE,FALSE,NA,NA,,
77,I mean it is #Fluseason ü§´ü§ß,FALSE,0,NA,3/5/19 23:36,FALSE,NA,1.10308E+18,NA,"<a href=\http://twitter.com/download/iphone\"" rel=\""nofollow\"">Twitter for iPhone</a>""",EmpressJordann,0,FALSE,FALSE,NA,NA,,
79,"Oh. On said story, I've written 280 words....#fluseason",FALSE,1,NA,3/5/19 22:51,FALSE,NA,1.10307E+18,NA,"<a href=\http://twitter.com\"" rel=\""nofollow\"">Twitter Web Client</a>""",AbigailBassett,0,FALSE,FALSE,NA,NA,,
81,"‚ú® To keep your #house_clean and #disinfected always,‚ôªÔ∏è You have to be careful where more bacteria are there so as‚Ä¶",FALSE,0,NA,3/5/19 22:27,TRUE,NA,1.10306E+18,NA,"<a href=\http://twitter.com/download/android\"" rel=\""nofollow\"">Twitter for Android</a>""",cindysjanitoria,0,FALSE,FALSE,NA,NA,,
82,When you sneeze so hard that your shoulder hurts... ü§ßü§í #fluseason,FALSE,0,NA,3/5/19 22:27,FALSE,NA,1.10306E+18,NA,"<a href=\http://twitter.com/download/iphone\"" rel=\""nofollow\"">Twitter for iPhone</a>""",benmcgue730,0,FALSE,FALSE,NA,NA,,
83,It's my favourite season üôÑ#fluseason #saidnooneever,FALSE,0,NA,3/5/19 22:09,FALSE,NA,1.10306E+18,NA,"<a href=\http://twitter.com/download/android\"" rel=\""nofollow\"">Twitter for Android</a>""",BrittanySalisb6,0,FALSE,FALSE,NA,NA,,
84,"Good news for now... the number of reported flu cases in Montana are decreasing. But, state health officials are ex‚Ä¶",FALSE,0,NA,3/5/19 21:51,TRUE,NA,1.10305E+18,NA,"<a href=\http://twitter.com\"" rel=\""nofollow\"">Twitter Web Client</a>""",KaitlinM_abcfox,0,FALSE,FALSE,NA,NA,,
85,"Joeseph B. Friedman invented the ‚Äòbendy‚Äô straw in the 1930‚Äôs, making drinking easier for sick people all over the world. #fluseason",FALSE,2,NA,3/5/19 21:16,FALSE,NA,1.10304E+18,NA,"<a href=\http://twitter.com/download/iphone\"" rel=\""nofollow\"">Twitter for iPhone</a>""",sandyoianthomas,1,FALSE,FALSE,NA,NA,,
86,Genuinely don‚Äôt remember the last time I got a good night‚Äôs sleep. Def been over a week. #fluseason,FALSE,0,NA,3/5/19 21:09,FALSE,NA,1.10304E+18,NA,"<a href=\http://twitter.com/download/iphone\"" rel=\""nofollow\"">Twitter for iPhone</a>""",chugh4,0,FALSE,FALSE,NA,NA,,
87,Did the cold and flu make its way into your house this year? @todaysparent shares 5 nutritious &amp; delicious foods th‚Ä¶,FALSE,0,NA,3/5/19 19:30,TRUE,NA,1.10301E+18,NA,"<a href=\http://www.falcon.io\"" rel=\""nofollow\"">Falcon Social Media Management </a>""",ideaMuseumMesa,0,FALSE,FALSE,NA,NA,,
88,"With 15% of their staff out and 25% of students in 2 out of 5 schools absent, Wagoner Public Schools officials are‚Ä¶",FALSE,0,NA,3/5/19 19:30,TRUE,NA,1.10301E+18,NA,"<a href=\https://www.sprinklr.com\"" rel=\""nofollow\"">Sprinklr</a>""",CloroxPro,1,FALSE,FALSE,NA,NA,,
89,"#Sickwhilepregnant? Here are 16 things you can do to help you feel better faster, from the‚Ä¶",FALSE,0,NA,3/5/19 19:11,TRUE,NA,1.10301E+18,NA,"<a href=\http://www.hubspot.com/\"" rel=\""nofollow\"">HubSpot</a>""",whpediatrics,0,FALSE,FALSE,NA,NA,,
90,Tips for helping patients manage the #Flu... And here's how US Med-Equip is helping healthcare providers and hospi‚Ä¶,FALSE,0,NA,3/5/19 18:57,TRUE,NA,1.10301E+18,NA,"<a href=\https://about.twitter.com/products/tweetdeck\"" rel=\""nofollow\"">TweetDeck</a>""",usmedequip,0,FALSE,FALSE,NA,NA,,
91,The 2018-2019 #fluseason may have peaked as the major nationwide measure of #influenza activity held steady for the‚Ä¶,FALSE,0,NA,3/5/19 18:34,TRUE,NA,1.103E+18,NA,"<a href=\http://twitter.com\"" rel=\""nofollow\"">Twitter Web Client</a>""",ClinRev,0,FALSE,FALSE,NA,NA,,
92,"The #CDC Flu map for week 8 - ending February 23 - shows only Hawaii and Washington, D.C. without widespread influe‚Ä¶",FALSE,0,NA,3/5/19 18:00,TRUE,NA,1.10299E+18,NA,"<a href=\https://www.hootsuite.com\"" rel=\""nofollow\"">Hootsuite Inc.</a>""",MMCAP_Online,0,FALSE,FALSE,NA,NA,,
93,Each year #FluSeason comes with a new vaccine to protect against a different strain of the flu virus. #UMaine resea‚Ä¶,FALSE,8,NA,3/5/19 17:30,TRUE,NA,1.10298E+18,NA,"<a href=\http://twitter.com\"" rel=\""nofollow\"">Twitter Web Client</a>""",UMaine,4,FALSE,FALSE,NA,NA,,
94,Everyone at work (including me) is sniffling and coughing. It‚Äôs like we are all back in pre school lol. #fluseason,FALSE,1,NA,3/5/19 17:17,FALSE,NA,1.10298E+18,NA,"<a href=\http://twitter.com/download/iphone\"" rel=\""nofollow\"">Twitter for iPhone</a>""",GiselleArica,0,FALSE,FALSE,NA,NA,,
95,Don‚Äôt let the #flu keep you from celebrating Mardi Gras ‚Äì there‚Äôs still time to get your flu shot! #flushot‚Ä¶,FALSE,0,NA,3/5/19 17:00,TRUE,NA,1.10298E+18,NA,"<a href=\https://sproutsocial.com\"" rel=\""nofollow\"">Sprout Social</a>""",QualityInsights,0,FALSE,FALSE,NA,NA,,
96,Pineapple and pineapple juice is way more effective than cough syrup and also helps prevent the flu and colds‚Ä¶,FALSE,2,NA,3/5/19 16:57,TRUE,NA,1.10298E+18,NA,"<a href=\http://twitter.com/download/iphone\"" rel=\""nofollow\"">Twitter for iPhone</a>""",LuvPotion_No9,1,FALSE,FALSE,NA,NA,,
97,Thanks for the holistic remedies but I just got some Oseltamivir Phosphate Capsules. Ill see you in a few days. #Fluseason #Thestarreport,FALSE,56,NA,3/5/19 16:22,FALSE,NA,1.10297E+18,NA,"<a href=\http://twitter.com\"" rel=\""nofollow\"">Twitter Web Client</a>""",troitorain,10,FALSE,FALSE,NA,NA,,
98,@YaleEIP FluSurv-NET surveillance expertise is on the pulse of CT flu hospitalizations. Week 8 update for the 2018-‚Ä¶,FALSE,3,YaleEIP,3/5/19 16:18,TRUE,NA,1.10297E+18,1.02293E+18,"<a href=\http://twitter.com\"" rel=\""nofollow\"">Twitter Web Client</a>""",YaleEIP,0,FALSE,FALSE,NA,NA,,
99,"Its flu season, drink plenty of the right fluids and don‚Äôt forget to change your toothbrush!‚Ä¶",FALSE,2,NA,3/5/19 16:00,TRUE,NA,1.10296E+18,NA,"<a href=\https://sproutsocial.com\"" rel=\""nofollow\"">Sprout Social</a>""",RonDinningDMD,0,FALSE,FALSE,NA,NA,,
100,"Flu? Cold? No matter what you're sick with, nothing is as bad as not having sub plans prepared. Luckily, we've got‚Ä¶",FALSE,0,NA,3/5/19 15:54,TRUE,NA,1.10296E+18,NA,"<a href=\https://buffer.com\"" rel=\""nofollow\"">Buffer</a>""",learnwithalbert,0,FALSE,FALSE,NA,NA,,
101,"Sick in bed today, my tummy hurts so much it just reminds me of all the times I missed school from getting sick üò∑ ü§í‚Ä¶",FALSE,0,NA,3/5/19 15:19,TRUE,NA,1.10295E+18,NA,"<a href=\http://twitter.com/download/iphone\"" rel=\""nofollow\"">Twitter for iPhone</a>""",suiskitz,0,FALSE,FALSE,NA,NA,,
102,The office is one of the easiest places to catch the flu - Cleaning Will Help Workers Stay Healthy‚Ä¶,FALSE,3,NA,3/5/19 15:07,TRUE,NA,1.10295E+18,NA,"<a href=\http://twitter.com\"" rel=\""nofollow\"">Twitter Web Client</a>""",cleaning_Mag,1,FALSE,FALSE,NA,NA,,
103,Do you get sick more often during the winter months? #fluseason #winterblues,FALSE,1,NA,3/5/19 14:43,FALSE,NA,1.10294E+18,NA,"<a href=\http://twitter.com/download/iphone\"" rel=\""nofollow\"">Twitter for iPhone</a>""",karlaschaus,0,FALSE,FALSE,NA,NA,,
104,When your day starts with a run to @shopprsdrugmart ... you know it is going to be rough. #flusucks #fluseason,FALSE,1,NA,3/5/19 13:42,FALSE,NA,1.10293E+18,NA,"<a href=\http://twitter.com/download/android\"" rel=\""nofollow\"">Twitter for Android</a>""",carleekat,0,FALSE,FALSE,NA,NA,,
105,"@David_Suchet, may your little grey cells solve the case that is my horrendous flu. #poirot #agathachristie‚Ä¶",FALSE,0,David_Suchet,3/5/19 13:38,TRUE,NA,1.10293E+18,400086050,"<a href=\http://twitter.com/download/android\"" rel=\""nofollow\"">Twitter for Android</a>""",JWP_____,0,FALSE,FALSE,NA,NA,,
106,The Flu: What To Do If You Get Sick via @CDCgov #flu #fluseason,FALSE,0,NA,3/5/19 13:05,FALSE,NA,1.10292E+18,NA,"<a href=\https://www.hootsuite.com\"" rel=\""nofollow\"">Hootsuite Inc.</a>""",GattiRx,0,FALSE,FALSE,NA,NA,,
107,If you are suffering from cold and flu then here are few best cold and flu medicines you need to check out. To kn‚Ä¶,FALSE,0,NA,3/5/19 11:15,TRUE,NA,1.10289E+18,NA,"<a href=\http://twitter.com\"" rel=\""nofollow\"">Twitter Web Client</a>""",Health_Clubfind,0,FALSE,FALSE,NA,NA,,
108,"Attending a meeting for approx 20 people: 1000 wipes, 800 tissues and 2.4 litres of hand gel. #fluseason No excuse‚Ä¶",FALSE,3,NA,3/5/19 9:29,TRUE,NA,1.10286E+18,NA,"<a href=\http://twitter.com/download/iphone\"" rel=\""nofollow\"">Twitter for iPhone</a>""",Malcolm_999,0,FALSE,FALSE,NA,NA,,
109,Extroverts should not have to get sick. Because being quarantined in your own house is the actual worst #fluseason,FALSE,2,NA,3/5/19 8:50,FALSE,NA,1.10285E+18,NA,"<a href=\http://twitter.com/download/iphone\"" rel=\""nofollow\"">Twitter for iPhone</a>""",blannio,0,FALSE,FALSE,NA,NA,,
110,I wear my mask on my chin because my chin is broke out. My chin is broke out because I wear my mask on my chin. It‚Äô‚Ä¶,FALSE,1,NA,3/5/19 8:07,TRUE,NA,1.10284E+18,NA,"<a href=\http://twitter.com/download/iphone\"" rel=\""nofollow\"">Twitter for iPhone</a>""",_britjanes,0,FALSE,FALSE,NA,NA,,
111,Has anyone created rent-a-bae yet? Snuggle me and feed me soup and cough drops. #fluseason #sickness,FALSE,0,NA,3/5/19 5:29,FALSE,NA,1.1028E+18,NA,"<a href=\http://twitter.com/download/iphone\"" rel=\""nofollow\"">Twitter for iPhone</a>""",vquinness,0,FALSE,FALSE,NA,NA,,
112,I just ordered soup from @Postmates and the guy came from super far away and then I asked for two blueberry muffins‚Ä¶,FALSE,0,NA,3/5/19 2:53,TRUE,NA,1.10276E+18,NA,"<a href=\http://twitter.com/download/iphone\"" rel=\""nofollow\"">Twitter for iPhone</a>""",SanDiegoBunny,0,FALSE,FALSE,NA,NA,,
113,I‚Äôve been surrounded by so many sick people I should start using one of these at work: #fluseason #stayaway,FALSE,2,NA,3/5/19 2:48,FALSE,NA,1.10276E+18,NA,"<a href=\http://twitter.com/download/iphone\"" rel=\""nofollow\"">Twitter for iPhone</a>""",PhotogKatherine,0,FALSE,FALSE,NA,NA,,
114,@David_Suchet may your little grey cells solve the case that is my horrendous flu. #poirot #agathachristie‚Ä¶,FALSE,0,David_Suchet,3/5/19 2:37,TRUE,NA,1.10276E+18,400086050,"<a href=\http://twitter.com/download/android\"" rel=\""nofollow\"">Twitter for Android</a>""",JWP_____,0,FALSE,FALSE,NA,NA,,
115,So many sick people on the plane. There is one hacking right behind me. All my anti-bacteria arsenals are out.‚Ä¶,FALSE,0,NA,3/5/19 2:16,TRUE,NA,1.10275E+18,NA,"<a href=\http://twitter.com/download/iphone\"" rel=\""nofollow\"">Twitter for iPhone</a>""",teri604,0,FALSE,FALSE,NA,NA,,
116,My most heartfelt wishes for a speedy recovery to all of the people being hit with the ‚Äòcrud.‚Äô Our office looks lik‚Ä¶,FALSE,3,NA,3/5/19 1:52,TRUE,NA,1.10275E+18,NA,"<a href=\http://twitter.com/download/iphone\"" rel=\""nofollow\"">Twitter for iPhone</a>""",AnissaCenters,0,FALSE,FALSE,NA,NA,,
117,Totally took from a FB xPost. Unknown OP. #HealthCareProblems #FluSeason #FunnyIsFunny,FALSE,0,NA,3/5/19 1:11,FALSE,NA,1.10274E+18,NA,"<a href=\http://twitter.com/download/iphone\"" rel=\""nofollow\"">Twitter for iPhone</a>""",DrCyberNinja,0,FALSE,FALSE,NA,NA,,
118,It‚Äôs the whole ‚Äúenough energy‚Äù thing that‚Äôs getting me this time around. üòûüò∑ #fluseason #overit,FALSE,0,NA,3/5/19 0:52,FALSE,NA,1.10273E+18,NA,"<a href=\http://twitter.com/download/iphone\"" rel=\""nofollow\"">Twitter for iPhone</a>""",kray4cy,0,FALSE,FALSE,NA,NA,,
119,Here‚Äôs you a little chuckle just in case you‚Äôre looking for that good clean end-of-the-day-pick-me-up! Lol #chuckle‚Ä¶,FALSE,4,NA,3/5/19 0:25,TRUE,NA,1.10273E+18,NA,"<a href=\http://twitter.com/download/iphone\"" rel=\""nofollow\"">Twitter for iPhone</a>""",Angie_lefty22,0,FALSE,FALSE,NA,NA,,
120,"A different strain of the flu virus, a \variant\"" virus", now accounts for 46.9% of cases," the Centers for Disease Co‚Ä¶""",FALSE,1,NA,3/4/19 23:37,TRUE,NA,1.10271E+18,NA,"<a href=\https://sproutsocial.com\"" rel=\""nofollow\"">Sprout Social</a>""",EMistSolutions,0,FALSE,FALSE,NA,NA
121,Tips For Relieving Sinus Infection ‚ô•‚ô•‚ô• Read Further ‚òû #Dental #Clinic‚Ä¶,FALSE,1,NA,3/4/19 23:15,TRUE,NA,1.10271E+18,NA,"<a href=\https://www.hootsuite.com\"" rel=\""nofollow\"">Hootsuite Inc.</a>""",nvfamilydental,1,FALSE,FALSE,NA,NA,,
122,This is when I high key got zero baby fever because all the poor babies getting sick. #fluseason,FALSE,2,NA,3/4/19 22:54,FALSE,NA,1.1027E+18,NA,"<a href=\http://twitter.com/download/iphone\"" rel=\""nofollow\"">Twitter for iPhone</a>""",beertearss,0,FALSE,FALSE,NA,NA,,
123,Me going to work trying not to catch the flu #fluseason #schools,FALSE,0,NA,3/4/19 21:51,FALSE,NA,1.10269E+18,NA,"<a href=\http://twitter.com/download/android\"" rel=\""nofollow\"">Twitter for Android</a>""",The_Octopuslife,0,FALSE,FALSE,NA,NA,,
124,"How can you tell if you have a cold or the flu? Check out this infographic to see which symptoms you have, and if y‚Ä¶",FALSE,2,NA,3/4/19 21:23,TRUE,NA,1.10268E+18,NA,"<a href=\https://buffer.com\"" rel=\""nofollow\"">Buffer</a>""",FQHealth,0,FALSE,FALSE,NA,NA,,
125,"When you're feeling #sick, when should you make an appointment with your doctor? #fluseason‚Ä¶",FALSE,0,NA,3/4/19 21:20,TRUE,NA,1.10268E+18,NA,"<a href=\https://about.twitter.com/products/tweetdeck\"" rel=\""nofollow\"">TweetDeck</a>""",NewportHospital,0,FALSE,FALSE,NA,NA,,
126,Sorry for the inconvenience. Caught someone cold/ flu ugh and I got it bad. #cold #fluseason #offwork #bedrest‚Ä¶,FALSE,0,NA,3/4/19 19:18,TRUE,NA,1.10265E+18,NA,"<a href=\http://instagram.com\"" rel=\""nofollow\"">Instagram</a>""",SilverLinerSpa,0,FALSE,FALSE,NA,NA,,
127,#MondayMotivation with MrSteam. Natural Ways to Combat the Cold and Flu Season #fluseason‚Ä¶,FALSE,0,NA,3/4/19 19:08,TRUE,NA,1.10265E+18,NA,"<a href=\http://www.hubspot.com/\"" rel=\""nofollow\"">HubSpot</a>""",steamtherapy,0,FALSE,FALSE,NA,NA,,
128,We're about to be trapped in between flu and allergy season! Be prepared for your family's sake! #fluseason‚Ä¶,FALSE,1,NA,3/4/19 19:00,TRUE,NA,1.10264E+18,NA,"<a href=\https://www.hootsuite.com\"" rel=\""nofollow\"">Hootsuite Inc.</a>""",vitamininfuse,0,FALSE,FALSE,NA,NA,,
129,Follow @CDCFlu for #fluseason updates and tips to protect yourself and your family from #flu.‚Ä¶,FALSE,43,NA,3/4/19 18:27,TRUE,NA,1.10264E+18,NA,"<a href=\https://sproutsocial.com\"" rel=\""nofollow\"">Sprout Social</a>""",CDCgov,29,FALSE,FALSE,NA,NA,,
130,"#DidYouKnow that there's new technology available to help diagnose the flu faster? Find out more about it, plus mor‚Ä¶",FALSE,1,NA,3/4/19 18:21,TRUE,NA,1.10264E+18,NA,"<a href=\https://coschedule.com\"" rel=\""nofollow\"">CoSchedule</a>""",faithhealthhome,0,FALSE,FALSE,NA,NA,,
131,"FMA preferred vendor @FloridaRXCard could save your patients up to 75% on prescription medications at 68,000-plus r‚Ä¶",FALSE,2,NA,3/4/19 18:02,TRUE,NA,1.10263E+18,NA,"<a href=\http://twitter.com\"" rel=\""nofollow\"">Twitter Web Client</a>""",FloridaMedical,2,FALSE,FALSE,NA,NA,,
132,The latest CDC flu forecast predicts that the #flu is peaking and will continue this month. Here's what patients ca‚Ä¶,FALSE,0,NA,3/4/19 17:45,TRUE,NA,1.10263E+18,NA,"<a href=\https://www.hootsuite.com\"" rel=\""nofollow\"">Hootsuite Inc.</a>""",TVoxSolutions,0,FALSE,FALSE,NA,NA,,
133,How many teachers and school staff need this contraption #fluseason,FALSE,6,NA,3/4/19 17:37,FALSE,NA,1.10262E+18,NA,"<a href=\http://twitter.com/download/iphone\"" rel=\""nofollow\"">Twitter for iPhone</a>""",TcamSky,0,FALSE,FALSE,NA,NA,,
134,Spot flu symptoms in kids and know your treatment options. #flushot #fluseason #flu,FALSE,0,NA,3/4/19 17:09,FALSE,NA,1.10262E+18,NA,"<a href=\https://sproutsocial.com\"" rel=\""nofollow\"">Sprout Social</a>""",ParkNicollet,0,FALSE,FALSE,NA,NA,,
135,"Now that September is here, flu season is right around the corner. If you happen to come down with a bug this winte‚Ä¶",FALSE,0,NA,3/4/19 17:01,TRUE,NA,1.10262E+18,NA,"<a href=\https://www.hootsuite.com\"" rel=\""nofollow\"">Hootsuite Inc.</a>""",bolling_md,0,FALSE,FALSE,NA,NA,,
136,"While flu season is beginning to wind down, you're still susceptible to contracting it. You can also usually tell i‚Ä¶",FALSE,0,NA,3/4/19 17:01,TRUE,NA,1.10262E+18,NA,"<a href=\https://www.hootsuite.com\"" rel=\""nofollow\"">Hootsuite Inc.</a>""",georgesjabalymd,0,FALSE,FALSE,NA,NA,,
137,#MondayMotivation: Beat the #Flu in the office this #FluSeason with these expert tips:,FALSE,0,NA,3/4/19 17:00,FALSE,NA,1.10261E+18,NA,"<a href=\https://www.hootsuite.com\"" rel=\""nofollow\"">Hootsuite Inc.</a>""",RockfordMutual,1,FALSE,FALSE,NA,NA,,
138,"Some flu vaccines are made with a bit of egg protein, so those with an egg allergy shouldn't seek out this vaccine.‚Ä¶",FALSE,0,NA,3/4/19 16:58,TRUE,NA,1.10261E+18,NA,"<a href=\https://www.socialreport.com\"" rel=\""nofollow\"">SocialReport.com</a>""",StMichaelsER,0,FALSE,FALSE,NA,NA,,
139,.@BGOV @business The Flu Is Spreading Across America a Little Later This Season @FayCortez‚Ä¶,FALSE,0,NA,3/4/19 15:54,TRUE,NA,1.1026E+18,NA,"<a href=\https://about.twitter.com/products/tweetdeck\"" rel=\""nofollow\"">TweetDeck</a>""",phsu54,1,FALSE,FALSE,NA,NA,,
140,When you‚Äôre at the dr office for routine labs and you‚Äôre asked to wear a mask. Room full of people with masks!‚Ä¶,FALSE,2,NA,3/4/19 15:35,TRUE,NA,1.10259E+18,NA,"<a href=\http://twitter.com/download/iphone\"" rel=\""nofollow\"">Twitter for iPhone</a>""",CampobelloCathy,0,FALSE,FALSE,NA,NA,,
141,"Add strep to the flu, because this girl has both #wintersucks #fluseason",FALSE,0,NA,3/4/19 15:35,FALSE,NA,1.10259E+18,NA,"<a href=\http://twitter.com/download/iphone\"" rel=\""nofollow\"">Twitter for iPhone</a>""",danifit_nh,0,FALSE,FALSE,NA,NA,,
142,"Both my little man and I are down #sosick taking turns praying to the porcelain \god\"" not sure what we did to deser‚Ä¶""",FALSE,0,NA,3/4/19 15:26,TRUE,NA,1.10259E+18,NA,"<a href=\http://twitter.com/download/android\"" rel=\""nofollow\"">Twitter for Android</a>""",badassinahat,0,FALSE,FALSE,NA,NA,,
144,The #fluseason shows signs of peaking. Get the details:,FALSE,0,NA,3/4/19 14:00,FALSE,NA,1.10257E+18,NA,"<a href=\https://about.twitter.com/products/tweetdeck\"" rel=\""nofollow\"">TweetDeck</a>""",MDedgeIntMed,0,FALSE,FALSE,NA,NA,,
146,I‚Äôm taking so much Viramin C right now that I‚Äôm gonna turn into an orange! ü§¶üèº‚Äç‚ôÄÔ∏èüçä #fluseason #idontwannagetsick,FALSE,0,NA,3/4/19 13:58,FALSE,NA,1.10257E+18,NA,"<a href=\http://twitter.com/download/iphone\"" rel=\""nofollow\"">Twitter for iPhone</a>""",tayy_gurl,0,FALSE,FALSE,NA,NA,,
147,Pretty sure I did more coughing than sleeping last night...back to the doctor I go üôÑüò∑ #secondhome #fluseason,FALSE,1,NA,3/4/19 13:09,FALSE,NA,1.10256E+18,NA,"<a href=\http://twitter.com/download/iphone\"" rel=\""nofollow\"">Twitter for iPhone</a>""",MisstoMrstoMS,0,FALSE,FALSE,NA,NA,,
148,My two best friends right now #zicam #coldseason #selfmedicate #stuffynose #lifesaver #medicine #fluseason‚Ä¶,FALSE,1,NA,3/4/19 11:55,TRUE,NA,1.10254E+18,NA,"<a href=\http://instagram.com\"" rel=\""nofollow\"">Instagram</a>""",MPDRealEstate,0,FALSE,FALSE,NA,NA,,
149,Flu season is in FULL EFFECT! The flu vaccine is safe for anyone over the age of 6 months and does not cause the fl‚Ä¶,FALSE,0,NA,3/4/19 3:59,TRUE,NA,1.10242E+18,NA,"<a href=\http://twitter.com/download/iphone\"" rel=\""nofollow\"">Twitter for iPhone</a>""",CityOfNOLA,1,FALSE,FALSE,NA,NA,,
150,"üì£ Gizmo of the Week! üì£ It's flu season ü§ß so after you wash your hands, fire up your computer, and learn more about‚Ä¶",FALSE,0,NA,3/4/19 3:30,TRUE,NA,1.10241E+18,NA,"<a href=\https://www.oktopost.com\"" rel=\""nofollow\"">Oktopost</a>""",ExploreLearning,0,FALSE,FALSE,NA,NA,,
151,"Sick for almost 24 hours now...the amount of chicken soup, kombucha and of course red wine dropped off has been unr‚Ä¶",FALSE,3,NA,3/4/19 3:11,TRUE,NA,1.10241E+18,NA,"<a href=\http://twitter.com/download/iphone\"" rel=\""nofollow\"">Twitter for iPhone</a>""",sarahuhran,0,FALSE,FALSE,NA,NA,,
152,"Very nice lady working at CVS looked at me and said, ‚ÄòCody you don‚Äôt look so good‚Äô I managed a weak smile, sniffled‚Ä¶",FALSE,76,NA,3/4/19 1:54,TRUE,NA,1.10239E+18,NA,"<a href=\http://twitter.com/download/iphone\"" rel=\""nofollow\"">Twitter for iPhone</a>""",TVcody,2,FALSE,FALSE,NA,NA,,
153,"I swear, the epicenter of all diseases plaguing mankind is the kids in my home. #FluSeason",FALSE,1,NA,3/4/19 0:37,FALSE,NA,1.10237E+18,NA,"<a href=\http://twitter.com/download/android\"" rel=\""nofollow\"">Twitter for Android</a>""",forewarnedyou,0,FALSE,FALSE,NA,NA,,
154,@target@starbucks your employee at 100 Parsonage Rd was sitting in the customer area and then when I asked where th‚Ä¶,FALSE,0,NA,3/3/19 23:59,TRUE,NA,1.10236E+18,NA,"<a href=\http://twitter.com/download/iphone\"" rel=\""nofollow\"">Twitter for iPhone</a>""",mish2378,0,FALSE,FALSE,NA,NA,,
155,This is how I feel. #SickDay #DamnKids #FluSeason #MoreTissuesPlease #TeaAndHoney,FALSE,1,NA,3/3/19 23:57,FALSE,NA,1.10236E+18,NA,"<a href=\https://promorepublic.com\"" rel=\""nofollow\"">PromoRepublic</a>""",jennabb,0,FALSE,FALSE,NA,NA,,
156,Jake doing his best to heal Ashlynn. She has been fevering all weekend. Doesn‚Äôt want to break ü§í #101andholding‚Ä¶,FALSE,2,NA,3/3/19 23:21,TRUE,NA,1.10235E+18,NA,"<a href=\http://twitter.com/download/iphone\"" rel=\""nofollow\"">Twitter for iPhone</a>""",JMBr00ks,0,FALSE,FALSE,NA,NA,,
158,Not sure about what #InfectionControl precautions you should take during #FluSeason? Dr. Sarah Bell-West has 5 tips‚Ä¶,FALSE,3,NA,3/3/19 23:00,TRUE,NA,1.10234E+18,NA,"<a href=\https://www.sprinklr.com\"" rel=\""nofollow\"">Sprinklr</a>""",CloroxPro,2,FALSE,FALSE,NA,NA,,
160,"This has been the worst cold &amp; flu season ever, I swear. Agony. Strep twice, healdcolds, flu, sinus infections, you‚Ä¶",FALSE,27,NA,3/3/19 18:57,TRUE,NA,1.10228E+18,NA,"<a href=\http://twitter.com/download/android\"" rel=\""nofollow\"">Twitter for Android</a>""",INFJPhD,5,FALSE,FALSE,NA,NA,,
161,#Moms and #dads.... don't make this mistake: ALWAYS use the dosing device that comes with your child's medicine‚Ä¶,FALSE,3,NA,3/3/19 18:46,TRUE,NA,1.10228E+18,NA,"<a href=\http://twitter.com\"" rel=\""nofollow\"">Twitter Web Client</a>""",AnitaBrikman,0,FALSE,FALSE,NA,NA,,
162,@JellyRoll615 liked my response and now I feel like I'm on a high. Being covered this weekend in a 9yr old's vomit‚Ä¶,FALSE,0,JellyRoll615,3/3/19 18:24,TRUE,NA,1.10227E+18,34455698,"<a href=\http://twitter.com/download/android\"" rel=\""nofollow\"">Twitter for Android</a>""",MargaritaKellam,0,FALSE,FALSE,NA,NA,,
163,Health Department: 13 flu deaths in R.I. this winter #health #fluseason #flu,FALSE,0,NA,3/3/19 17:30,FALSE,NA,1.10226E+18,NA,"<a href=\https://www.hootsuite.com\"" rel=\""nofollow\"">Hootsuite Inc.</a>""",GattiRx,0,FALSE,FALSE,NA,NA,,
164,"#FluSeason is upon us...make sure you know the complications associated with influenza, described in detail in the‚Ä¶",FALSE,0,NA,3/3/19 17:15,TRUE,NA,1.10226E+18,NA,"<a href=\https://www.semrush.com/\"" rel=\""nofollow\"">SEMrush Social Media Tool</a>""",EBmedicine,0,FALSE,FALSE,NA,NA,,
165,**FLASH SALE** 40% OFF NEW CBD ISOLATE HERBAL TONIC ENHANCED WITH ELDERBERRIES-2 DAYS ONLY Get your promo code üëâ‚Ä¶,FALSE,1,NA,3/3/19 17:04,TRUE,NA,1.10225E+18,NA,"<a href=\http://twitter.com\"" rel=\""nofollow\"">Twitter Web Client</a>""",CbdElk,1,FALSE,FALSE,NA,NA,,
166,Making sure momma is getting better #frisky #dailydoseoffrisky #flu #fluseason #catmom #catmomlife #furmom #furkid‚Ä¶,FALSE,3,NA,3/3/19 15:56,TRUE,NA,1.10224E+18,NA,"<a href=\http://instagram.com\"" rel=\""nofollow\"">Instagram</a>""",PinkRangerPR,1,FALSE,FALSE,NA,NA,,
168,Been sick for 3 days now. #noligotoday #fluseason,FALSE,0,NA,3/3/19 10:56,FALSE,NA,1.10216E+18,NA,"<a href=\http://instagram.com\"" rel=\""nofollow\"">Instagram</a>""",KlovesP,0,FALSE,FALSE,NA,NA,,
170,HS: hope to get sick to miss school College: I‚Äôll need to catch up from sick days Grad school: one day I miss from‚Ä¶,FALSE,1,NA,3/3/19 6:25,TRUE,NA,1.10209E+18,NA,"<a href=\http://twitter.com/download/iphone\"" rel=\""nofollow\"">Twitter for iPhone</a>""",esther_bajista,0,FALSE,FALSE,NA,NA,,
172,"101 degree fever, weak and sick a‚Äôf, and he‚Äôs by my side #furryfriend #fluseason",FALSE,0,NA,3/3/19 2:29,FALSE,NA,1.10203E+18,NA,"<a href=\http://twitter.com/download/iphone\"" rel=\""nofollow\"">Twitter for iPhone</a>""",_chey_lynn,0,FALSE,FALSE,NA,NA,,
174,"...even though i feel like I'm going to puke every sprinkle of this cake up, I'll be fine. Because that's what we d‚Ä¶",FALSE,2,NA,3/2/19 22:53,TRUE,NA,1.10198E+18,NA,"<a href=\https://mobile.twitter.com\"" rel=\""nofollow\"">Twitter Web App</a>""",NicalinaX,0,FALSE,FALSE,NA,NA,,
175,As I sit here and wait for our party guess... I'm trying to decide if I'm going to hide from the kids or hide from‚Ä¶,FALSE,1,NA,3/2/19 22:36,TRUE,NA,1.10197E+18,NA,"<a href=\https://mobile.twitter.com\"" rel=\""nofollow\"">Twitter Web App</a>""",NicalinaX,0,FALSE,FALSE,NA,NA,,
177,Nearing peak of #fluseason according to data from @CDCFlu:,FALSE,0,NA,3/2/19 21:50,FALSE,NA,1.10196E+18,NA,"<a href=\http://twitter.com\"" rel=\""nofollow\"">Twitter Web Client</a>""",veriflu,0,FALSE,FALSE,NA,NA,,
178,This flu caused me to lose about 7 lbs #StillHaventEatenMuch #FluSeason,FALSE,0,NA,3/2/19 21:40,FALSE,NA,1.10196E+18,NA,"<a href=\https://mobile.twitter.com\"" rel=\""nofollow\"">Twitter Web App</a>""",itsmegl13,0,FALSE,FALSE,NA,NA,,
179,Winter is here and so is the flu! Know the symptoms and fight the flu this season with helpful information at‚Ä¶,FALSE,1,NA,3/2/19 20:05,TRUE,NA,1.10194E+18,NA,"<a href=\https://www.hootsuite.com\"" rel=\""nofollow\"">Hootsuite Inc.</a>""",SMWesterly,0,FALSE,FALSE,NA,NA,,
181,"We still have one old threat about to hit us hard ‚Äì again! Viral illnesses, like the flu, are classically quick to‚Ä¶",FALSE,0,NA,3/2/19 19:24,TRUE,NA,1.10193E+18,NA,"<a href=\https://sproutsocial.com\"" rel=\""nofollow\"">Sprout Social</a>""",SteppingStoneCR,0,FALSE,FALSE,NA,NA,,
182,"I‚Äôm almost out of cat food and completely out of Gatorade, which means I *have* to go out this afternoon even thoug‚Ä¶",FALSE,2,NA,3/2/19 18:07,TRUE,NA,1.10191E+18,NA,"<a href=\http://twitter.com/download/iphone\"" rel=\""nofollow\"">Twitter for iPhone</a>""",NecoDachi,0,FALSE,FALSE,NA,NA,,
183,Kind of excited to be leaving the house for the first time in four days. #fluseason,FALSE,1,NA,3/2/19 17:40,FALSE,NA,1.1019E+18,NA,"<a href=\http://twitter.com/download/iphone\"" rel=\""nofollow\"">Twitter for iPhone</a>""",JosefAdd,0,FALSE,FALSE,NA,NA,,
184,This needs to be a thing. #whenmomissick #momproblems #momlife #fluseason #fluseasonsucks,FALSE,0,NA,3/2/19 17:04,FALSE,NA,1.10189E+18,NA,"<a href=\http://instagram.com\"" rel=\""nofollow\"">Instagram</a>""",MomCaveTV,0,FALSE,FALSE,NA,NA,,
186,"üí•Woke Up Feeling Sick, But We Still Gone Celebrate You‚ùóüí• #GoldenChild #FluSeason #BirthdayGirl #Pisces",FALSE,1,NA,3/2/19 16:46,FALSE,NA,1.10189E+18,NA,"<a href=\https://mobile.twitter.com\"" rel=\""nofollow\"">Twitter Web App</a>""",NicalinaX,0,FALSE,FALSE,NA,NA,,
187,Flu season worsens as swine flu cases increase... #fluseason #flu #2019flu #flushot‚Ä¶,FALSE,0,NA,3/2/19 16:07,TRUE,NA,1.10188E+18,NA,"<a href=\http://twitter.com\"" rel=\""nofollow\"">Twitter Web Client</a>""",BoomerBaby54,0,FALSE,FALSE,NA,NA,,
188,These fever dreams have been out of control the last few days though. I hate it when my immune system and my subcon‚Ä¶,FALSE,1,NA,3/2/19 15:22,TRUE,NA,1.10187E+18,NA,"<a href=\http://twitter.com/download/iphone\"" rel=\""nofollow\"">Twitter for iPhone</a>""",NecoDachi,0,FALSE,FALSE,NA,NA,,
189,"From the start of the #fluseason in October 2018, an estimated 17.7 million to 20.4 million people have been strick‚Ä¶",FALSE,1,NA,3/2/19 14:59,TRUE,NA,1.10186E+18,NA,"<a href=\https://www.socialreport.com\"" rel=\""nofollow\"">SocialReport.com</a>""",GreenLPharmaUK,0,FALSE,FALSE,NA,NA,,
190,"#FluSeason is hitting it's stride in NY, but there's still time to get your #FluShot! #StonyBrookU's Dr. Susan Done‚Ä¶",FALSE,0,NA,3/2/19 13:42,TRUE,NA,1.10184E+18,NA,"<a href=\https://sproutsocial.com\"" rel=\""nofollow\"">Sprout Social</a>""",stonybrooku,0,FALSE,FALSE,NA,NA,,
191,@ycelestrin Hope you feel better. Something is going around #fluseason,FALSE,1,ycelestrin,3/2/19 13:12,FALSE,1.10183E+18,1.10183E+18,8.99497E+17,"<a href=\http://twitter.com/download/iphone\"" rel=\""nofollow\"">Twitter for iPhone</a>""",WavieCr0kett,0,FALSE,FALSE,NA,NA,,
192,"#Fluseason is well underway. Remember, it‚Äôs not too late to vaccinate. Has your 2/3 year old had their free n‚Ä¶",FALSE,3,NA,3/2/19 13:01,TRUE,NA,1.10183E+18,NA,"<a href=\https://www.hootsuite.com\"" rel=\""nofollow\"">Hootsuite Inc.</a>""",BoltonCCG,2,FALSE,FALSE,NA,NA,,
193,"Novel #influenza A(H1N2) seasonal reassortant identified in a patient sample in #Sweden, January 2019‚Ä¶",FALSE,10,NA,3/2/19 13:00,TRUE,NA,1.10183E+18,NA,"<a href=\https://www.hootsuite.com\"" rel=\""nofollow\"">Hootsuite Inc.</a>""",Eurosurveillanc,13,FALSE,FALSE,NA,NA,,
195,"Slow start, but it's not over yet: 5 things to know about this year's #fluseason -",FALSE,0,NA,3/2/19 11:55,TRUE,NA,1.10181E+18,NA,"<a href=\https://www.hootsuite.com\"" rel=\""nofollow\"">Hootsuite Inc.</a>""",RealtyNetworkG,0,FALSE,FALSE,NA,NA,,
196,In other news...I wish people would stop pushing flu shots. My husband is forced to get them and guess what? He get‚Ä¶,FALSE,4,NA,3/2/19 11:14,TRUE,NA,1.1018E+18,NA,"<a href=\http://twitter.com/download/iphone\"" rel=\""nofollow\"">Twitter for iPhone</a>""",Martinique757,1,FALSE,FALSE,NA,NA,,
197,"'The Health &amp; Humor Show' with @MaureenSRN on @ukhealthradio - News on how to prevent #eyedisease, #fluseason updat‚Ä¶",FALSE,0,NA,3/2/19 8:34,TRUE,NA,1.10176E+18,NA,"<a href=\https://about.twitter.com/products/tweetdeck\"" rel=\""nofollow\"">TweetDeck</a>""",ukhealthradio,1,FALSE,FALSE,NA,NA,,
199,"Based on how many encouraging high fives and fist bumps I‚Äôve given my volunteers and staff this week, I don‚Äôt think‚Ä¶",FALSE,3,NA,3/2/19 6:39,TRUE,NA,1.10173E+18,NA,"<a href=\http://twitter.com/download/iphone\"" rel=\""nofollow\"">Twitter for iPhone</a>""",shannon_madden,0,FALSE,FALSE,NA,NA,,
200,"I hope it‚Äôs not an omen, but I was awoken at 12 on MATCHDAY 1 to my daughter, literally, shitting the bed.‚Ä¶",FALSE,7,NA,3/2/19 5:07,TRUE,NA,1.10171E+18,NA,"<a href=\http://twitter.com/download/iphone\"" rel=\""nofollow\"">Twitter for iPhone</a>""",lmw_337,0,FALSE,FALSE,NA,NA,,
201,"Sick and tired of being sick and tired, never taking my health for granted again #FluSeason",FALSE,0,NA,3/2/19 4:17,FALSE,NA,1.1017E+18,NA,"<a href=\http://twitter.com/download/iphone\"" rel=\""nofollow\"">Twitter for iPhone</a>""",not__lou,0,FALSE,FALSE,NA,NA,,
202,üò∑I'm not giving you head if I'm sick.ü§î Your pene can wait till i get my body together. #ThatsNasty #FluSeason #SniffSniffCough,FALSE,0,NA,3/2/19 3:03,FALSE,NA,1.10168E+18,NA,"<a href=\https://mobile.twitter.com\"" rel=\""nofollow\"">Twitter Web App</a>""",NicalinaX,0,FALSE,FALSE,NA,NA,,
204,You ever been sick and had to wrestle a 2 year old to sleep. üòñ #FluSeason #momlife,FALSE,1,NA,3/2/19 2:41,FALSE,NA,1.10167E+18,NA,"<a href=\https://mobile.twitter.com\"" rel=\""nofollow\"">Twitter Web App</a>""",NicalinaX,0,FALSE,FALSE,NA,NA,,
205,"WASH YOUR HANDS, CHICAGO. THIS SUCKS. There are hashtags, apparently: #flu #flu2019 #FluSeason",FALSE,0,NA,3/2/19 2:13,FALSE,NA,1.10167E+18,NA,"<a href=\http://twitter.com/download/android\"" rel=\""nofollow\"">Twitter for Android</a>""",EleniC19,0,FALSE,FALSE,NA,NA,,
208,Flu Season is in full gear ü§í Ana shares why our Yerba Mate is like a natural flu üò∑ shot ! Drinking hot yerba Mate‚Ä¶,FALSE,0,NA,3/2/19 1:13,TRUE,NA,1.10165E+18,NA,"<a href=\https://buffer.com\"" rel=\""nofollow\"">Buffer</a>""",Love4Argentina,0,FALSE,FALSE,NA,NA,,
210,"When your inlaws live in the middle of nowhere, you drive 2hrs for urgent care . . . #sick #currentsituation‚Ä¶",FALSE,0,NA,3/1/19 23:16,TRUE,NA,1.10162E+18,NA,"<a href=\http://instagram.com\"" rel=\""nofollow\"">Instagram</a>""",PeirsonNews,0,FALSE,FALSE,NA,NA,,
211,My week ended with having 10 kids sick and throwing up in the classroom so that was fun #middleschool #fluseason,FALSE,0,NA,3/1/19 22:43,FALSE,NA,1.10161E+18,NA,"<a href=\http://twitter.com/download/android\"" rel=\""nofollow\"">Twitter for Android</a>""",lshydlowski,0,FALSE,FALSE,NA,NA,,
212,The perfect immune boosting soup! #healthyliving #healthyeats #soup #immunebooster #fluseason #coldseason‚Ä¶,FALSE,0,NA,3/1/19 22:15,TRUE,NA,1.10161E+18,NA,"<a href=\https://www.hootsuite.com\"" rel=\""nofollow\"">Hootsuite Inc.</a>""",thebakstroke,0,FALSE,FALSE,NA,NA,,
214,"Cold and flu season brings sleepless nights consoling sick, coughing kids. But as you reach for relief inside the‚Ä¶",FALSE,0,NA,3/1/19 20:00,TRUE,NA,1.10157E+18,NA,"<a href=\https://buffer.com\"" rel=\""nofollow\"">Buffer</a>""",SchmidtSethi,0,FALSE,FALSE,NA,NA,,
215,Is It a Cold or the Flu? How to Tell the Difference #fluseason #health,FALSE,0,NA,3/1/19 19:52,FALSE,NA,1.10157E+18,NA,"<a href=\http://twitter.com\"" rel=\""nofollow\"">Twitter Web Client</a>""",PennyZeller,0,FALSE,FALSE,NA,NA,,
216,I wanna give a massive shoutout to all you moms and dads out there!Kudos to each and every one of you for being you‚Ä¶,FALSE,5,NA,3/1/19 19:25,TRUE,NA,1.10156E+18,NA,"<a href=\http://twitter.com/download/iphone\"" rel=\""nofollow\"">Twitter for iPhone</a>""",ninampls,0,FALSE,FALSE,NA,NA,,
217,"Traveling is tiring, but getting sick while traveling, can ruin the trip. Here are 10 Ways to Avoid Getting Sick Wh‚Ä¶",FALSE,1,NA,3/1/19 19:25,TRUE,NA,1.10156E+18,NA,"<a href=\https://buffer.com\"" rel=\""nofollow\"">Buffer</a>""",rockytravel,0,FALSE,FALSE,NA,NA,,
219,SICKNESS KILLED OUR PANTRY CHALLENGE! üò© #frugalliving #fluseason #pantrychallenge,FALSE,1,NA,3/1/19 18:52,FALSE,NA,1.10156E+18,NA,"<a href=\http://twitter.com\"" rel=\""nofollow\"">Twitter Web Client</a>""",AmiyrahMartin,0,FALSE,FALSE,NA,NA,,
220,So my husband has been home the last 2 days with the flu....he‚Äôs not a bad patient....I just feel like I need to pr‚Ä¶,FALSE,0,NA,3/1/19 18:51,TRUE,NA,1.10156E+18,NA,"<a href=\http://twitter.com/#!/download/ipad\"" rel=\""nofollow\"">Twitter for iPad</a>""",mybedissocozy,0,FALSE,FALSE,NA,NA,,
221,Stay vigilant and keep up your prevention habits like washing your hands often. #fluseason #influenza,FALSE,1,NA,3/1/19 18:30,FALSE,NA,1.10155E+18,NA,"<a href=\https://about.twitter.com/products/tweetdeck\"" rel=\""nofollow\"">TweetDeck</a>""",UCNetworkOmaha,1,FALSE,FALSE,NA,NA,,
222,Here's how we are helping doctors and hospitals treat #flu patients and save lives:,FALSE,0,NA,3/1/19 18:26,TRUE,NA,1.10155E+18,NA,"<a href=\https://about.twitter.com/products/tweetdeck\"" rel=\""nofollow\"">TweetDeck</a>""",usmedequip,0,FALSE,FALSE,NA,NA,,
223,"Oh no no no no no, I cant be getting a sore throatüò©üò∑ #fluseason #alwayssick",FALSE,0,NA,3/1/19 18:03,FALSE,NA,1.10154E+18,NA,"<a href=\http://twitter.com/download/android\"" rel=\""nofollow\"">Twitter for Android</a>""",rj_rach,0,FALSE,FALSE,NA,NA,,
224,"It's still #fluseason! Remember, if you're caring for children, prevent spread of #flu. Call your‚Ä¶",FALSE,0,NA,3/1/19 18:00,TRUE,NA,1.10154E+18,NA,"<a href=\https://buffer.com\"" rel=\""nofollow\"">Buffer</a>""",SNHDflu,0,FALSE,FALSE,NA,NA,,
225,The City of Newark is providing free influenza vaccinations for Newark residents at various sites around the city!‚Ä¶,FALSE,0,NA,3/1/19 17:10,TRUE,NA,1.10153E+18,NA,"<a href=\https://www.hootsuite.com\"" rel=\""nofollow\"">Hootsuite Inc.</a>""",NewarkDHCW,0,FALSE,FALSE,NA,NA,,
226,How do you handle your family's health during the flu season? üò∑ü§íü§ß .,FALSE,1,NA,3/1/19 16:54,TRUE,NA,1.10153E+18,NA,"<a href=\http://twitter.com\"" rel=\""nofollow\"">Twitter Web Client</a>""",motherhoodten,0,FALSE,FALSE,NA,NA,,
227,The Canadian non-profit group paid for 50 digital billboards that were placed across the city that implied that vac‚Ä¶,FALSE,0,NA,3/1/19 16:51,TRUE,NA,1.10153E+18,NA,"<a href=\http://twitter.com\"" rel=\""nofollow\"">Twitter Web Client</a>""",TALPharmacyRX,0,FALSE,FALSE,NA,NA,,
228,@mari_salinas12 Haha! Germs! I didn't even think about that. It's a valid point though. #fluseason. I DON'T. KNOW.‚Ä¶,FALSE,1,mari_salinas12,3/1/19 16:40,TRUE,1.10128E+18,1.10152E+18,920446946,"<a href=\http://twitter.com/download/android\"" rel=\""nofollow\"">Twitter for Android</a>""",new_old_school3,0,FALSE,FALSE,NA,NA,,
229,Flu season is still in effect. Are you doing all that you can to stay healthy? There are simple preventatives one c‚Ä¶,FALSE,0,NA,3/1/19 16:35,TRUE,NA,1.10152E+18,NA,"<a href=\https://www.hootsuite.com\"" rel=\""nofollow\"">Hootsuite Inc.</a>""",Burton_UC,0,FALSE,FALSE,NA,NA,,
230,Wonder why BMC has been MIA? #fluseason #undertheweather #hightemperature #sicknessisnofun #wanttogetbetter‚Ä¶,FALSE,0,NA,3/1/19 16:22,TRUE,NA,1.10152E+18,NA,"<a href=\http://instagram.com\"" rel=\""nofollow\"">Instagram</a>""",BearMtnCrochet,0,FALSE,FALSE,-70.2616004,44.3833168,,
231,"New @CDCgov estimates put this #fluseason's death toll somewhere in the low 20,000s. 100 years ago, with no effec‚Ä¶",FALSE,0,NA,3/1/19 15:39,TRUE,NA,1.10151E+18,NA,"<a href=\https://sproutsocial.com\"" rel=\""nofollow\"">Sprout Social</a>""",umichmedicine,1,FALSE,FALSE,NA,NA,,
233,'Tis The Flu Season. Check out these tips and stay healthy. #fluseason‚Ä¶,FALSE,0,NA,3/1/19 14:01,TRUE,NA,1.10148E+18,NA,"<a href=\https://www.hootsuite.com\"" rel=\""nofollow\"">Hootsuite Inc.</a>""",ForbesMusicCo,0,FALSE,FALSE,NA,NA,,
234,"Last night, I learned how much my boyfriend loves me as I projectile vomited in his car and he just rubbed my back‚Ä¶",FALSE,2,NA,3/1/19 12:55,TRUE,NA,1.10147E+18,NA,"<a href=\http://twitter.com/download/iphone\"" rel=\""nofollow\"">Twitter for iPhone</a>""",Jac_Yo,0,FALSE,FALSE,NA,NA,,
235,Flu season is slowing down‚Äîbut it's not over. Check out these health tips to maximize the chances of staying flu-fr‚Ä¶,FALSE,3,NA,3/1/19 12:30,TRUE,NA,1.10146E+18,NA,"<a href=\https://www.spredfast.com\"" rel=\""nofollow\"">Spredfast</a>""",phelpshospital,0,FALSE,FALSE,NA,NA,,
237,#FluSeason enough said.,FALSE,0,NA,3/1/19 9:04,FALSE,NA,1.10141E+18,NA,"<a href=\http://twitter.com/download/iphone\"" rel=\""nofollow\"">Twitter for iPhone</a>""",katie_pell,0,FALSE,FALSE,NA,NA,,
238,Got the flu rn and my lady didn‚Äôt believe me. So she popped me with DayQuil and told me we were going to finish our‚Ä¶,FALSE,3,NA,3/1/19 8:47,TRUE,NA,1.1014E+18,NA,"<a href=\http://twitter.com/download/iphone\"" rel=\""nofollow\"">Twitter for iPhone</a>""",macauley_ryan,0,FALSE,FALSE,NA,NA,,
240,What is the flu shot made out of? Read our blog to learn more about it. #fluseason #flushot,FALSE,1,NA,3/1/19 5:20,FALSE,NA,1.10135E+18,NA,"<a href=\https://www.hootsuite.com\"" rel=\""nofollow\"">Hootsuite Inc.</a>""",e7_Health,0,FALSE,FALSE,NA,NA,,
241,Did you remember your #flushot? Here are 5 ways to make it easy to protect yourself and your community from the flu‚Ä¶,FALSE,1,NA,3/1/19 5:00,TRUE,NA,1.10135E+18,NA,"<a href=\https://www.spredfast.com/\"" rel=\""nofollow\"">Spredfast app</a>""",BlueShieldCA,1,FALSE,FALSE,NA,NA,,
242,I just googled ‚Äúmixing gin and NyQuil‚Äù... ü§¶üèº‚Äç‚ôÄÔ∏è I guess I‚Äôll party that flu out of my system in no time...üòè @NyQuilDayQuil #FluSeason,FALSE,6,NA,3/1/19 4:49,FALSE,NA,1.10134E+18,NA,"<a href=\http://twitter.com/download/iphone\"" rel=\""nofollow\"">Twitter for iPhone</a>""",lenafreediving,0,FALSE,FALSE,NA,NA,,
243,Many people aren't aware of the differences between a cold and the flu... What are the warning signs you have influ‚Ä¶,FALSE,0,NA,3/1/19 3:45,TRUE,NA,1.10133E+18,NA,"<a href=\https://about.twitter.com/products/tweetdeck\"" rel=\""nofollow\"">TweetDeck</a>""",5NEWSNielson,0,FALSE,FALSE,NA,NA,,
244,I have the worse cough EVER &gt;.&gt; #FluSeason,FALSE,0,NA,3/1/19 3:33,FALSE,NA,1.10132E+18,NA,"<a href=\http://twitter.com\"" rel=\""nofollow\"">Twitter Web Client</a>""",Naomitse,0,FALSE,FALSE,NA,NA,,
245,The flu is everywhere! #SantaAna #Irvine #OC #Newport #NewportBeach #Health‚Ä¶,FALSE,1,NA,3/1/19 3:25,TRUE,NA,1.10132E+18,NA,"<a href=\https://eclincher.com\"" rel=\""nofollow\"">eClincher</a>""",xurgentcare,0,FALSE,FALSE,NA,NA,,
246,"Some symptoms of the flu are fever, chills, cough, &amp; sore throat, but did you know not everyone with the #flu will have a fever? #fluseason",FALSE,0,NA,3/1/19 3:09,FALSE,NA,1.10132E+18,NA,"<a href=\http://twitter.com/download/iphone\"" rel=\""nofollow\"">Twitter for iPhone</a>""",CityDrugInc,0,FALSE,FALSE,NA,NA,,
247,Flu Season Has Schools Increasing Disinfection #centuryllc #fluseason #disinfecting,FALSE,0,NA,3/1/19 1:41,FALSE,NA,1.1013E+18,NA,"<a href=\https://buffer.com\"" rel=\""nofollow\"">Buffer</a>""",CenturyLLC,0,FALSE,FALSE,NA,NA,,
248,üò∑ Kris Jenner‚Äôs Big Coverup At The Hospital After Taking Sick Mom Mary Jo! @kuwtk @krisjenner #krisjenner‚Ä¶,FALSE,2,NA,3/1/19 1:32,TRUE,NA,1.10129E+18,NA,"<a href=\http://twitter.com/download/iphone\"" rel=\""nofollow\"">Twitter for iPhone</a>""",HlywdPipeline,0,FALSE,FALSE,NA,NA,,
250,#IntrovertCuties Good thing I don't look how I feel. #FluSeason,FALSE,0,NA,3/1/19 0:23,FALSE,NA,1.10128E+18,NA,"<a href=\https://mobile.twitter.com\"" rel=\""nofollow\"">Twitter Web App</a>""",NicalinaX,0,FALSE,FALSE,NA,NA,,
251,I‚Äôm the only one in my house without the flu and I intend to keep it that way üò∑ #FluSeason #FluFighter #MomLife,FALSE,9,NA,3/1/19 0:23,FALSE,NA,1.10128E+18,NA,"<a href=\http://twitter.com/download/iphone\"" rel=\""nofollow\"">Twitter for iPhone</a>""",amyintheburg,0,FALSE,FALSE,NA,NA,,
252,"It is important to take steps to avoid germs this cold and flu season. If you do catch what is going around, we are‚Ä¶",FALSE,0,NA,3/1/19 0:09,TRUE,NA,1.10127E+18,NA,"<a href=\https://about.twitter.com/products/tweetdeck\"" rel=\""nofollow\"">TweetDeck</a>""",PatientFirst,0,FALSE,FALSE,NA,NA,,
253,Total time spent outside in the past 3 days: 30 seconds Today: 45 seconds Making progress #FluSeason,FALSE,4,NA,2/28/19 23:54,FALSE,NA,1.10127E+18,NA,"<a href=\http://twitter.com/download/iphone\"" rel=\""nofollow\"">Twitter for iPhone</a>""",justinbmelton,0,FALSE,FALSE,NA,NA,,
254,Are You Guilty of Sick-Shaming? You May Be Doing Your Company a Favor via @Inc #fluseason #YorkRegion,FALSE,2,NA,2/28/19 23:46,FALSE,NA,1.10127E+18,NA,"<a href=\http://twitter.com\"" rel=\""nofollow\"">Twitter Web Client</a>""",CareAboutClean,0,FALSE,FALSE,NA,NA,,
257,Omgggg the flu has destroyed our house.. i feel so bad for the lil ones :( and i havent slept in two days #fluseason #fucktheflu,FALSE,1,NA,2/28/19 22:45,FALSE,NA,1.10125E+18,NA,"<a href=\http://twitter.com/download/iphone\"" rel=\""nofollow\"">Twitter for iPhone</a>""",the_Dollabills,0,FALSE,FALSE,NA,NA,,
260,A Guide to Puritan's Specimen Collection Systems for Diagnostics - #Diagnostics‚Ä¶,FALSE,0,NA,2/28/19 21:48,TRUE,NA,1.10124E+18,NA,"<a href=\http://www.hubspot.com/\"" rel=\""nofollow\"">HubSpot</a>""",PuritanUSA,0,FALSE,FALSE,NA,NA,,
261,When you have a doctor's appointment in the middle of #fluseason but no one to watch the babes. #LennonBrent‚Ä¶,FALSE,1,NA,2/28/19 21:43,TRUE,NA,1.10124E+18,NA,"<a href=\http://twitter.com/download/android\"" rel=\""nofollow\"">Twitter for Android</a>""",shelbeebelle,0,FALSE,FALSE,NA,NA,,
262,Get the latest updates on #influenza and this #fluseason by following @CDCFlu.,FALSE,38,NA,2/28/19 21:11,FALSE,NA,1.10123E+18,NA,"<a href=\https://sproutsocial.com\"" rel=\""nofollow\"">Sprout Social</a>""",CDCgov,19,FALSE,FALSE,NA,NA,,
265,"Clean hands, healthy eyes! Do you immediately reach for your hand sanitizer after a ride on public transit? Here's‚Ä¶",FALSE,0,NA,2/28/19 20:24,TRUE,NA,1.10122E+18,NA,"<a href=\https://www.hootsuite.com\"" rel=\""nofollow\"">Hootsuite Inc.</a>""",HollyburnEye,0,FALSE,FALSE,NA,NA,,
266,I think our office admin is trying to tell us to something... #fluseason #sick #stayathome #germs #coughcough‚Ä¶,FALSE,15,NA,2/28/19 20:20,TRUE,NA,1.10122E+18,NA,"<a href=\http://twitter.com\"" rel=\""nofollow\"">Twitter Web Client</a>""",TheMesquite,4,FALSE,FALSE,NA,NA,,
267,anyone who is close to a radio or able to do a live stream I will be on @WGNRadio 720 AM with @wgnkingjohn at 2:35‚Ä¶,FALSE,1,NA,2/28/19 20:08,TRUE,NA,1.10121E+18,NA,"<a href=\http://twitter.com\"" rel=\""nofollow\"">Twitter Web Client</a>""",SunnyKSharma,0,FALSE,FALSE,NA,NA,,
268,An @ArabCitySchools student is using the Clorox¬Æ Total 360¬Æ System to prevent his fellow classmates from getting si‚Ä¶,FALSE,9,NA,2/28/19 20:07,TRUE,NA,1.10121E+18,NA,"<a href=\https://www.sprinklr.com\"" rel=\""nofollow\"">Sprinklr</a>""",CloroxPro,3,FALSE,FALSE,NA,NA,,
269,Are you trying to find ways to stay healthy this flu season? Buy a house plant! Learn why having plants at home can‚Ä¶,FALSE,3,NA,2/28/19 20:01,TRUE,NA,1.10121E+18,NA,"<a href=\https://www.hootsuite.com\"" rel=\""nofollow\"">Hootsuite Inc.</a>""",robynsantafe,0,FALSE,FALSE,NA,NA,,
270,Is your little one feeling under the weather? This helpful guide includes some tips for when you should keep them h‚Ä¶,FALSE,0,NA,2/28/19 20:00,TRUE,NA,1.10121E+18,NA,"<a href=\http://twitter.com\"" rel=\""nofollow\"">Twitter Web Client</a>""",FamilyER24,0,FALSE,FALSE,NA,NA,,
272,"Did you know that while the #fluseason officially lasts from October to May, the majority of flu cases occur betwee‚Ä¶",FALSE,0,NA,2/28/19 19:44,TRUE,NA,1.10121E+18,NA,"<a href=\http://twitter.com\"" rel=\""nofollow\"">Twitter Web Client</a>""",boongroup,0,FALSE,FALSE,NA,NA,,
273,We‚Äôre still in the thick of cold &amp; flu season so it‚Äôs important to keep the spread of germs at bay. What are some o‚Ä¶,FALSE,1,NA,2/28/19 19:37,TRUE,NA,1.1012E+18,NA,"<a href=\https://mobile.twitter.com\"" rel=\""nofollow\"">Twitter Web App</a>""",StaplesBizCan,0,FALSE,FALSE,NA,NA,,
275,5 things to know about cold medicines. #health #cold #coldflu #FluSeason,FALSE,0,NA,2/28/19 19:28,FALSE,NA,1.1012E+18,NA,"<a href=\https://about.twitter.com/products/tweetdeck\"" rel=\""nofollow\"">TweetDeck</a>""",MiriamHospital,0,FALSE,FALSE,NA,NA,,
276,üö®WARNINGüö®PSA!!! High flu activity detected in #NYC! Protect yourself and your family by getting your flu shot toda‚Ä¶,FALSE,0,NA,2/28/19 19:20,TRUE,NA,1.1012E+18,NA,"<a href=\http://twitter.com/download/iphone\"" rel=\""nofollow\"">Twitter for iPhone</a>""",yzlandau,0,FALSE,FALSE,NA,NA,,
277,"Started the day with 8 kiddos, now we‚Äôre left with 4.. they‚Äôre dropping like flies with fevers üò¨üò∑ #fluseason #teacherprobs",FALSE,0,NA,2/28/19 19:12,FALSE,NA,1.1012E+18,NA,"<a href=\http://twitter.com/download/iphone\"" rel=\""nofollow\"">Twitter for iPhone</a>""",iweich0210,0,FALSE,FALSE,NA,NA,,
278,Tonight's Community meeting at SMS has been canceled due to illness and to allow our custodial staff sufficient tim‚Ä¶,FALSE,3,NA,2/28/19 18:20,TRUE,NA,1.10119E+18,NA,"<a href=\http://twitter.com\"" rel=\""nofollow\"">Twitter Web Client</a>""",Savannah_R3,0,FALSE,FALSE,NA,NA,,
279,Prevention or not you could still catch the flu! @KenRedcrossMD tells you what symptoms to pay attention to and how‚Ä¶,FALSE,0,NA,2/28/19 18:13,TRUE,NA,1.10118E+18,NA,"<a href=\http://twitter.com\"" rel=\""nofollow\"">Twitter Web Client</a>""",PitchAmy,0,FALSE,FALSE,NA,NA,,
280,Atlantic Ultraviolet Has Installed a Sanitaire UV-C Room Air Sanitizer to Protect Occupants from Infection due to F‚Ä¶,FALSE,0,NA,2/28/19 18:05,TRUE,NA,1.10118E+18,NA,"<a href=\https://coschedule.com\"" rel=\""nofollow\"">CoSchedule</a>""",AtlanticUVCorp,0,FALSE,FALSE,NA,NA,,
282,It's not too late to help protect your child this #FluSeason with the flu vaccine! Learn more from @CDCFlu today!‚Ä¶,FALSE,0,NA,2/28/19 17:54,TRUE,NA,1.10118E+18,NA,"<a href=\http://twitter.com\"" rel=\""nofollow\"">Twitter Web Client</a>""",carevantexas,0,FALSE,FALSE,NA,NA,,
283,"Everybody: Well, I guess Cold and #FluSeason is over. Flu:",FALSE,0,NA,2/28/19 17:10,FALSE,NA,1.10117E+18,NA,"<a href=\http://twitter.com\"" rel=\""nofollow\"">Twitter Web Client</a>""",davidmwyatt,0,FALSE,FALSE,NA,NA,,
284,"If you've ever wondered if you should keep going to work when you're sick, this research might make you (or your co‚Ä¶",FALSE,1,NA,2/28/19 17:02,TRUE,NA,1.10117E+18,NA,"<a href=\https://www.hootsuite.com\"" rel=\""nofollow\"">Hootsuite Inc.</a>""",FBinsure,0,FALSE,FALSE,NA,NA,,
285,IF YOU COUGH AND DONT COVER YOUR MOUTH YOU HAVE NO FUCKEN MANNERS WHAT SO EVER. MY CO WORKER KEEPS COUGHING ALL OVE‚Ä¶,FALSE,0,NA,2/28/19 16:50,TRUE,NA,1.10116E+18,NA,"<a href=\http://twitter.com/download/iphone\"" rel=\""nofollow\"">Twitter for iPhone</a>""",_mtiburzi,0,FALSE,FALSE,NA,NA,,
286,Covering your nose when you sneeze is just one of the ways you can protect your family and others during the‚Ä¶,FALSE,1,NA,2/28/19 16:25,TRUE,NA,1.10116E+18,NA,"<a href=\https://www.hootsuite.com\"" rel=\""nofollow\"">Hootsuite Inc.</a>""",RunnymedeHC,0,FALSE,FALSE,NA,NA,,
288,I am sitting in the library of a medical school. Everyone around me is sneezing. I am OUT of here! The hell?!‚Ä¶,FALSE,1,NA,2/28/19 15:37,TRUE,NA,1.10114E+18,NA,"<a href=\http://twitter.com/download/android\"" rel=\""nofollow\"">Twitter for Android</a>""",ResistanceRuby,0,FALSE,FALSE,NA,NA,,
289,Studies show that the flu costs businesses appriximately $7 billion per year due to the nearly 111 million work day‚Ä¶,FALSE,1,NA,2/28/19 15:22,TRUE,NA,1.10114E+18,NA,"<a href=\http://twitter.com\"" rel=\""nofollow\"">Twitter Web Client</a>""",BrameSpecialty,0,FALSE,FALSE,NA,NA,,
290,"#ad New blog post is up! Go-to relief routines to beat cold, cough and fly fast! Head to Kroger for cold season ess‚Ä¶",FALSE,0,NA,2/28/19 15:10,TRUE,NA,1.10114E+18,NA,"<a href=\http://twitter.com\"" rel=\""nofollow\"">Twitter Web Client</a>""",oxanathestylist,0,FALSE,FALSE,NA,NA,,
291,"What this means --&gt; keep washing your hands, covering your coughs and staying home if you don't feel well. Protecti‚Ä¶",FALSE,5,claymohealth,2/28/19 14:36,TRUE,1.10113E+18,1.10113E+18,132928701,"<a href=\http://twitter.com\"" rel=\""nofollow\"">Twitter Web Client</a>""",claymohealth,1,FALSE,FALSE,NA,NA,,
292,Wondering what #fluseason is looking like in Clay County so far? Check out the latest weekly report! So far this se‚Ä¶,FALSE,7,NA,2/28/19 14:36,TRUE,NA,1.10113E+18,NA,"<a href=\http://twitter.com\"" rel=\""nofollow\"">Twitter Web Client</a>""",claymohealth,3,FALSE,FALSE,NA,NA,,
293,Kick your cold and #flu to the curb with these tips and tricks plus my favourite immune boosting #supplements!‚Ä¶,FALSE,0,NA,2/28/19 13:30,TRUE,NA,1.10111E+18,NA,"<a href=\https://www.hootsuite.com\"" rel=\""nofollow\"">Hootsuite Inc.</a>""",fuelgoodness,0,FALSE,FALSE,NA,NA,,
294,Me and my flu crew. Don't mind the Cadbury bar in the back I'm sick but still a fat bastard ü§´ü§ß #diabetes #FluSeason,FALSE,4,NA,2/28/19 13:26,FALSE,NA,1.10111E+18,NA,"<a href=\http://twitter.com/download/android\"" rel=\""nofollow\"">Twitter for Android</a>""",zencomedy1979,1,FALSE,FALSE,NA,NA,,
295,Complications of #flu I saw on recent weeks of service: - polymicrobial lung abscess - #Actinomyces empyema - Enc‚Ä¶,FALSE,7,NA,2/28/19 13:12,TRUE,NA,1.10111E+18,NA,"<a href=\http://twitter.com/download/iphone\"" rel=\""nofollow\"">Twitter for iPhone</a>""",foamid,1,FALSE,FALSE,NA,NA,,
298,I've been so sick that the fever I think cooked my brain a bit. I have zero smart things floating in it right now.‚Ä¶,FALSE,45,NA,2/28/19 12:15,TRUE,NA,1.10109E+18,NA,"<a href=\http://twitter.com/download/android\"" rel=\""nofollow\"">Twitter for Android</a>""",ehoranpoet,0,FALSE,FALSE,NA,NA,,
299,Got a flu and have to read something while resting. This is what was started. @erlendloe #books #saikku #FluSeason,FALSE,0,NA,2/28/19 10:47,FALSE,NA,1.10107E+18,NA,"<a href=\http://twitter.com/download/android\"" rel=\""nofollow\"">Twitter for Android</a>""",sami_pasanen,0,FALSE,FALSE,NA,NA,,
301,#fluseason It is real gang. 7 had his #flushot in the fall &amp; he still got it. Hit hard today &amp; this darn #Fever is‚Ä¶,FALSE,0,NA,2/28/19 7:25,TRUE,NA,1.10102E+18,NA,"<a href=\http://twitter.com/download/android\"" rel=\""nofollow\"">Twitter for Android</a>""",RaisingSerenity,0,FALSE,FALSE,NA,NA,,
302,Any other ED nurses out there getting their asses kicked recently? #FluSeason #5150 #frequentflyer #misseddialysis‚Ä¶,FALSE,1,NA,2/28/19 5:19,TRUE,NA,1.10099E+18,NA,"<a href=\http://twitter.com/download/android\"" rel=\""nofollow\"">Twitter for Android</a>""",SoleMedic,0,FALSE,FALSE,NA,NA,,
303,"when blocked noses are getting you down, remember to try out these options - you never know, they might just make‚Ä¶",FALSE,1,NA,2/28/19 5:17,TRUE,NA,1.10099E+18,NA,"<a href=\http://twitter.com\"" rel=\""nofollow\"">Twitter Web Client</a>""",jacobjacob103,1,FALSE,FALSE,NA,NA,,
1,"AHHHH CHOOOOO!!! If you've spent time with little kids, you know someone is always wiping snot on their sleeve, or‚Ä¶",FALSE,0,NA,3/7/19 22:26,TRUE,NA,1.10378E+18,NA,"<a href=\http://twitter.com/download/android\"" rel=\""nofollow\"">Twitter for Android</a>""",LRoweParker,0,FALSE,FALSE,NA,NA,,
2,Our Health Educators frequently present in the lobbies of the department to discuss and share important information‚Ä¶,FALSE,0,NA,3/7/19 21:34,TRUE,NA,1.10377E+18,NA,"<a href=\http://twitter.com\"" rel=\""nofollow\"">Twitter Web Client</a>""",NewarkDHCW,0,FALSE,FALSE,NA,NA,,
3,"Handwashing habits improve when #fluseason hits, survey shows. #WorkerWellness",FALSE,0,NA,3/7/19 19:47,FALSE,NA,1.10374E+18,NA,"<a href=\https://www.hootsuite.com\"" rel=\""nofollow\"">Hootsuite Inc.</a>""",powerlinesinc,0,FALSE,FALSE,NA,NA,,
4,#FluFact: We received reports of 550 #flu-related hospitalizations this #fluseason. Most in people over age 50. Ant‚Ä¶,FALSE,0,NA,3/7/19 18:05,TRUE,NA,1.10372E+18,NA,"<a href=\https://buffer.com\"" rel=\""nofollow\"">Buffer</a>""",TuSNHD,0,FALSE,FALSE,NA,NA,,
5,Did you know that #FluSeason can last all the way through May? Protect your child and others by getting the flu sho‚Ä¶,FALSE,0,NA,3/7/19 18:05,TRUE,NA,1.10372E+18,NA,"<a href=\https://www.hootsuite.com\"" rel=\""nofollow\"">Hootsuite Inc.</a>""",FuturePEDpc,0,FALSE,FALSE,NA,NA,,
7,The CDC warns about a second wave of influenza across the Mid-Atlantic. @13AdrianaDeAlba spoke with Patient First's‚Ä¶,FALSE,0,NA,3/7/19 17:33,TRUE,NA,1.10371E+18,NA,"<a href=\https://about.twitter.com/products/tweetdeck\"" rel=\""nofollow\"">TweetDeck</a>""",PatientFirst,1,FALSE,FALSE,NA,NA,,
8,ID rounding... still seeing Flu!@CMC_IM #fluseason,FALSE,2,NA,3/7/19 17:07,FALSE,NA,1.1037E+18,NA,"<a href=\http://twitter.com/download/iphone\"" rel=\""nofollow\"">Twitter for iPhone</a>""",mkleona,0,FALSE,FALSE,NA,NA,,
9,Wondering what to tell your #flu patient who you are sending home? The CDC recommends staying home for at least 24‚Ä¶,FALSE,0,NA,3/7/19 17:01,TRUE,NA,1.1037E+18,NA,"<a href=\https://www.semrush.com/\"" rel=\""nofollow\"">SEMrush Social Media Tool</a>""",EBmedicine,0,FALSE,FALSE,NA,NA,,
10,Some of you didn't learn how to wash your hands properly in kindergarten and it shows #stopspreadinggerms‚Ä¶,FALSE,2,NA,3/7/19 16:25,TRUE,NA,1.10369E+18,NA,"<a href=\http://twitter.com/download/android\"" rel=\""nofollow\"">Twitter for Android</a>""",MsAmandaMeador,0,FALSE,FALSE,NA,NA,,
11,"At the end of last month, we were still seeing high levels of the flu in 33 states and New York City. This year's‚Ä¶",FALSE,15,NA,3/7/19 16:16,TRUE,NA,1.10369E+18,NA,"<a href=\https://about.twitter.com/products/tweetdeck\"" rel=\""nofollow\"">TweetDeck</a>""",DrLeanaWen,5,FALSE,FALSE,NA,NA,,
12,Times like this I wish I had a bae... I just want someone to feed me soup and rub vicks on my back ü§£ü§£ü§£ #fluseason,FALSE,0,NA,3/7/19 16:11,FALSE,NA,1.10369E+18,NA,"<a href=\http://twitter.com/download/iphone\"" rel=\""nofollow\"">Twitter for iPhone</a>""",marlitasway,0,FALSE,FALSE,NA,NA,,
13,Plan for absences that keep students on their academic path with sub plans for the digital age!‚Ä¶,FALSE,10,NA,3/7/19 16:02,TRUE,NA,1.10369E+18,NA,"<a href=\http://twitter.com\"" rel=\""nofollow\"">Twitter Web Client</a>""",traceymikos,1,FALSE,FALSE,NA,NA,,
14,"The Flu Season is not over; the CDC says it's not too late to get a flu shot to protect yourself, family members, f‚Ä¶",FALSE,0,NA,3/7/19 15:33,TRUE,NA,1.10368E+18,NA,"<a href=\http://twitter.com\"" rel=\""nofollow\"">Twitter Web Client</a>""",JohnGBaresky,0,FALSE,FALSE,NA,NA,,
17,"A new @CDCgov study shows the flu vaccine prevented more than 7 million flu illnesses, 109,000 flu hospitalizations‚Ä¶",FALSE,0,NA,3/7/19 14:30,TRUE,NA,1.10366E+18,NA,"<a href=\https://www.hootsuite.com\"" rel=\""nofollow\"">Hootsuite Inc.</a>""",WV_DHHR,1,FALSE,FALSE,NA,NA,,
18,Another McClure's Choice article posted at our website.....this one about Flu Season possibly peaking for 2019?! C‚Ä¶,FALSE,0,NA,3/7/19 14:01,TRUE,NA,1.10366E+18,NA,"<a href=\https://www.hootsuite.com\"" rel=\""nofollow\"">Hootsuite Inc.</a>""",MCCInternalMed,0,FALSE,FALSE,NA,NA,,
19,Trying my best even with a cold. And my teacher loves that i already have the #festivalfever in the middle of the‚Ä¶,FALSE,0,NA,3/7/19 13:48,TRUE,NA,1.10365E+18,NA,"<a href=\https://mobile.twitter.com\"" rel=\""nofollow\"">Twitter Web App</a>""",Fuckedistaken,0,FALSE,FALSE,NA,NA,,
20,How are you managing your staff absences during the cold and flu season? #StaffAbsence #FluSeason #StaffPlanning,FALSE,0,NA,3/7/19 10:01,FALSE,NA,1.1036E+18,NA,"<a href=\https://www.hootsuite.com\"" rel=\""nofollow\"">Hootsuite Inc.</a>""",activpeoplehr,0,FALSE,FALSE,NA,NA,,
22,"Whilst most of us don't like to admit defeat when we're ill, the most considerate thing we can do to avoid sharing‚Ä¶",FALSE,0,NA,3/7/19 7:56,TRUE,NA,1.10356E+18,NA,"<a href=\https://buffer.com\"" rel=\""nofollow\"">Buffer</a>""",WooshWashrooms,0,FALSE,FALSE,NA,NA,,
23,Hope you like pedialyte. #parenting #fluseason,FALSE,0,NA,3/7/19 4:55,FALSE,NA,1.10352E+18,NA,"<a href=\http://twitter.com/download/iphone\"" rel=\""nofollow\"">Twitter for iPhone</a>""",BrookeManolis,0,FALSE,FALSE,NA,NA,,
24,Dr. James Lin shares 5 tips for staying healthy when others are sick. ‚ûî #fluseason,FALSE,5,NA,3/7/19 3:00,FALSE,NA,1.10349E+18,NA,"<a href=\https://www.sprinklr.com\"" rel=\""nofollow\"">Sprinklr</a>""",sharphealthcare,0,FALSE,FALSE,NA,NA,,
25,i am feeling much better so my darling and our youngest are now sick. #familyties #fluseason #hadtheshot SO to my‚Ä¶,FALSE,1,NA,3/7/19 2:13,TRUE,NA,1.10348E+18,NA,"<a href=\http://twitter.com/download/android\"" rel=\""nofollow\"">Twitter for Android</a>""",itsanancything,0,FALSE,FALSE,NA,NA,,
26,Do you have enough #VitaminC? üçä #cold #cough #fluseason #allergyseason #boost #immunesystem #immune #boostpower #flu,FALSE,1,NA,3/7/19 1:26,FALSE,NA,1.10347E+18,NA,"<a href=\http://twitter.com/download/iphone\"" rel=\""nofollow\"">Twitter for iPhone</a>""",GetBoostPower,0,FALSE,FALSE,NA,NA,,
27,Worried about germs at work? Ask your office manager or HR department to install a waterless hand-washing station.‚Ä¶,FALSE,0,NA,3/7/19 0:58,TRUE,NA,1.10346E+18,NA,"<a href=\http://www.facebook.com/twitter\"" rel=\""nofollow\"">Facebook</a>""",CCAquaticCenter,0,FALSE,FALSE,NA,NA,,
28,This flu is completely savage and as the caregiver for someone fighting cancer I can not be too careful. I don‚Äôt re‚Ä¶,FALSE,0,NA,3/7/19 0:14,TRUE,NA,1.10345E+18,NA,"<a href=\http://twitter.com/download/iphone\"" rel=\""nofollow\"">Twitter for iPhone</a>""",britishemily78,0,FALSE,FALSE,NA,NA,,
29,#Fluseason is upon us and germs are coming at us from all directions. It's well worth arming yourself against aches‚Ä¶,FALSE,0,NA,3/7/19 0:00,TRUE,NA,1.10345E+18,NA,"<a href=\http://hearsaysystems.com\"" rel=\""nofollow\"">Hearsay Social</a>""",ElvisGarciaIns,0,FALSE,FALSE,NA,NA,,