no,text,favorited,favoriteCount,replyToSN,created,truncated,replyToSID,id,replyToUID,statusSource,screenName,retweetCount,isRetweet,retweeted,longitude,latitude
1,So off to work again tomorrow not knowing who will show up and who won't. I've asked both students and staff who ha‚Ä¶,FALSE,0,NA,3/8/19 5:25,TRUE,NA,1.10389E+18,NA,"<a href=\http://twitter.com/download/android\"" rel=\""nofollow\"">Twitter for Android</a>""",HomesteadGirls,0,FALSE,FALSE,NA,NA
2,"Flu vax is made to order each year. Once it's gone, it's gone! Help us make sure we have enough for your employees‚Ä¶",FALSE,0,NA,3/8/19 4:03,TRUE,NA,1.10387E+18,NA,"<a href=\https://www.socialoomph.com\"" rel=\""nofollow\"">SocialOomph</a>""",allhealthmatt,0,FALSE,FALSE,NA,NA
3,Another flu strain is on the rise in the area. This one tends to affect seniors the most. It's not too late to get‚Ä¶,FALSE,3,NA,3/7/19 21:06,TRUE,NA,1.10376E+18,NA,"<a href=\http://twitter.com\"" rel=\""nofollow\"">Twitter Web Client</a>""",vcchealthcare,0,FALSE,FALSE,NA,NA
4,Pregnant women at all stages of pregnancy will be invited by their GP to get the flu vaccine. The vaccine helps to‚Ä¶,FALSE,2,NA,3/7/19 18:30,TRUE,NA,1.10372E+18,NA,"<a href=\https://www.hootsuite.com\"" rel=\""nofollow\"">Hootsuite Inc.</a>""",publichealthni,2,FALSE,FALSE,NA,NA
5,#STUDY: Flu #Vaccine Increases Viral #Shedding 6.3 Times observed 6.3X more viral aero‚Ä¶,FALSE,2,NA,3/7/19 17:47,TRUE,NA,1.10371E+18,NA,"<a href=\http://ViraBurnayeva.com\"" rel=\""nofollow\"">Vaccines and Homeopathy News</a>""",ViraBurnayeva,3,FALSE,FALSE,NA,NA
6,Is the Flu Vaccine the Solution or the Problem? Read more: #kellybroganmd #AMindofYourOwn‚Ä¶,FALSE,10,NA,3/7/19 17:01,TRUE,NA,1.1037E+18,NA,"<a href=\https://buffer.com\"" rel=\""nofollow\"">Buffer</a>""",kellybroganmd,2,FALSE,FALSE,NA,NA
7,One would think after @KellyRipa got so emotional on @LiveKellyRyan over the passing of #LukePerry they wouldn‚Äôt be‚Ä¶,FALSE,0,NA,3/7/19 15:55,TRUE,NA,1.10369E+18,NA,"<a href=\http://twitter.com/download/iphone\"" rel=\""nofollow\"">Twitter for iPhone</a>""",belles54,1,FALSE,FALSE,NA,NA
8,@CDCgov predicts there are still weeks of #flu activity to come this season. It‚Äôs not too late to protect you and y‚Ä¶,FALSE,0,CDCgov,3/7/19 14:55,TRUE,NA,1.10367E+18,146569971,"<a href=\https://about.twitter.com/products/tweetdeck\"" rel=\""nofollow\"">TweetDeck</a>""",CherryHealthMI,0,FALSE,FALSE,NA,NA
9,CDC predicts that there are still weeks of #flu activity to come this season. It‚Äôs not too late to protect yourself‚Ä¶,FALSE,34,NA,3/7/19 14:43,TRUE,NA,1.10367E+18,NA,"<a href=\https://sproutsocial.com\"" rel=\""nofollow\"">Sprout Social</a>""",CDCFlu,32,FALSE,FALSE,NA,NA
10,"@MidSentryModern @saoirse_vapor @firemanjohn628 @PattyMurray Injecting children with aluminum neurotoxins, retrovir‚Ä¶",FALSE,2,MidSentryModern,3/7/19 14:02,TRUE,1.10361E+18,1.10366E+18,136405463,"<a href=\http://twitter.com/download/android\"" rel=\""nofollow\"">Twitter for Android</a>""",CoercedTaxSlave,2,FALSE,FALSE,NA,NA
11,Children aged 2 or 3 can get a free flu nasal spray vaccination. Speak to your GP now #fluvaccine. For more infor‚Ä¶,FALSE,0,NA,3/7/19 10:33,TRUE,NA,1.1036E+18,NA,"<a href=\http://twitter.com\"" rel=\""nofollow\"">Twitter Web Client</a>""",LiverpoolPH,0,FALSE,FALSE,NA,NA
12,"In 2016 #CDC Acknowledged that \Nasal Spray\"" #Flu #Vaccine Did Not Work &amp; Should Not Be Used‚Ä¶""",FALSE,5,NA,3/7/19 9:01,TRUE,NA,1.10358E+18,NA,"<a href=\http://ViraBurnayeva.com\"" rel=\""nofollow\"">Vaccines and Homeopathy News</a>""",ViraBurnayeva,4,FALSE,FALSE,NA,NA
13,Join the participants from #Vaccines &amp; #Immunology department at #international #congress on vaccines &amp; immunology‚Ä¶,FALSE,1,NA,3/7/19 6:37,TRUE,NA,1.10355E+18,NA,"<a href=\http://twitter.com\"" rel=\""nofollow\"">Twitter Web Client</a>""",AXIOMATICINTER2,0,FALSE,FALSE,NA,NA
14,Is the Flu Vaccine Really ‚ÄòWorking Well‚Äô This Year? #fluvaccine,FALSE,1,NA,3/7/19 2:41,FALSE,NA,1.10349E+18,NA,"<a href=\https://www.hootsuite.com\"" rel=\""nofollow\"">Hootsuite Inc.</a>""",greendailynews,0,FALSE,FALSE,NA,NA
15,Add this to the numerous reasons to get your #fluvaccine #EvidenceBased @AlexMMTri @fady_mikhael,FALSE,7,NA,3/6/19 20:08,FALSE,NA,1.10339E+18,NA,"<a href=\http://twitter.com/download/iphone\"" rel=\""nofollow\"">Twitter for iPhone</a>""",KIDneysMD,0,FALSE,FALSE,NA,NA
16,"BREAKING: FDA Sued as CDC Recommends Untested, Unlicensed Flu Vaccine for Pregnant Women #vaccines #vaxx #anti-vacc‚Ä¶",FALSE,1,NA,3/6/19 19:41,TRUE,NA,1.10338E+18,NA,"<a href=\http://twitter.com\"" rel=\""nofollow\"">Twitter Web Client</a>""",unioctopus,1,FALSE,FALSE,NA,NA
17,Order your flu vaccines now for this Autumn Tell us now approx how many vaccines you think you'll need to guarante‚Ä¶,FALSE,0,NA,3/6/19 19:05,TRUE,NA,1.10337E+18,NA,"<a href=\https://www.socialoomph.com\"" rel=\""nofollow\"">SocialOomph</a>""",allhealthmatt,0,FALSE,FALSE,NA,NA
18,Back to the GP tomorrow after week of treatment for acute bronchitis &amp; two weeks in bed. Never again will I miss ha‚Ä¶,FALSE,3,NA,3/6/19 18:40,TRUE,NA,1.10336E+18,NA,"<a href=\https://mobile.twitter.com\"" rel=\""nofollow\"">Twitter Web App</a>""",ARiddeough,0,FALSE,FALSE,NA,NA
19,Did your doctor tell you the #FluShot INCREASES respiratory issues 4.4 times? #STUDY: Increased Risk of Noninflue‚Ä¶,FALSE,11,NA,3/6/19 17:47,TRUE,NA,1.10335E+18,NA,"<a href=\http://ViraBurnayeva.com\"" rel=\""nofollow\"">Vaccines and Homeopathy News</a>""",ViraBurnayeva,7,FALSE,FALSE,NA,NA
20,"Don‚Äôt spread the #flu, don‚Äôt get the flu! Cover your mouth and nose with a tissue when coughing or sneezing and don‚Ä¶",FALSE,1,NA,3/6/19 16:44,TRUE,NA,1.10334E+18,NA,"<a href=\https://buffer.com\"" rel=\""nofollow\"">Buffer</a>""",MOH_TT,3,FALSE,FALSE,NA,NA
21,"Spring may be less than a month away, but flu season can last until April or May. Luckily there are many preventati‚Ä¶",FALSE,0,NA,3/6/19 16:30,TRUE,NA,1.10333E+18,NA,"<a href=\http://app.sendblur.com\"" rel=\""nofollow\"">Social Media Publisher App </a>""",AHPVaccines,0,FALSE,FALSE,NA,NA
22,The #fluvaccine is a waste of time and dangerous too:,FALSE,0,NA,3/6/19 15:32,FALSE,NA,1.10332E+18,NA,"<a href=\http://twitter.com\"" rel=\""nofollow\"">Twitter Web Client</a>""",housegal49,0,FALSE,FALSE,NA,NA
23,Flu vax is made to order each year. Help us make sure we have enough for your employees. Tell us now approx how ma‚Ä¶,FALSE,0,NA,3/6/19 4:03,TRUE,NA,1.10314E+18,NA,"<a href=\https://www.socialoomph.com\"" rel=\""nofollow\"">SocialOomph</a>""",allhealthmatt,0,FALSE,FALSE,NA,NA
24,@kuriousmind93 @picphysicians @delbigtree @OR4MedFreedom @RandPaul @Bill_Zedler #VaccinesAreSafe ‚Äîsafer than contra‚Ä¶,FALSE,0,kuriousmind93,3/6/19 1:47,TRUE,1.1031E+18,1.10311E+18,9.58432E+17,"<a href=\http://twitter.com/download/iphone\"" rel=\""nofollow\"">Twitter for iPhone</a>""",drfixus,0,FALSE,FALSE,NA,NA
25,"@RandPaul just made dangerous and unethical statements in a #HealthCommittee hearing. Comparing the #FluVaccine, wh‚Ä¶",FALSE,0,RandPaul,3/5/19 20:11,TRUE,NA,1.10303E+18,216881337,"<a href=\http://twitter.com/download/android\"" rel=\""nofollow\"">Twitter for Android</a>""",Sing4Elohim,0,FALSE,FALSE,NA,NA
26,"@autism_vaccine @thereal_truther @CryptoNLtrader @doctorsensation So you, a pro vaccine advocate, will agree that c‚Ä¶",FALSE,0,autism_vaccine,3/5/19 19:48,TRUE,1.10302E+18,1.10302E+18,1.09906E+18,"<a href=\http://twitter.com/download/android\"" rel=\""nofollow\"">Twitter for Android</a>""",CoercedTaxSlave,0,FALSE,FALSE,NA,NA
27,"@autism_vaccine @thereal_truther @CryptoNLtrader @doctorsensation Oh, I forgot to mention that the MMR vaccine was‚Ä¶",FALSE,6,CoercedTaxSlave,3/5/19 19:42,TRUE,1.10302E+18,1.10302E+18,32517621,"<a href=\http://twitter.com/download/android\"" rel=\""nofollow\"">Twitter for Android</a>""",CoercedTaxSlave,7,FALSE,FALSE,NA,NA
28,Fight #flu with #FluVaccine to stay #healthy. #VaccinesWork,FALSE,4,NA,3/5/19 16:11,FALSE,NA,1.10296E+18,NA,"<a href=\http://twitter.com\"" rel=\""nofollow\"">Twitter Web Client</a>""",DBlumbergPedsID,2,FALSE,FALSE,NA,NA
29,"Have you had your #fluvaccine? @CDCFlu estimates that approximately 26,700 people have died from #flu this season.‚Ä¶",FALSE,5,NA,3/5/19 15:53,TRUE,NA,1.10296E+18,NA,"<a href=\http://twitter.com\"" rel=\""nofollow\"">Twitter Web Client</a>""",CCDD_HSPH,3,FALSE,FALSE,NA,NA
30,‚Äòtis the [flu] season! I‚Äôve been seeing lots of children hospitalized with influenza virus... not to late for YOU t‚Ä¶,FALSE,8,NA,3/5/19 15:41,TRUE,NA,1.10296E+18,NA,"<a href=\http://twitter.com/download/iphone\"" rel=\""nofollow\"">Twitter for iPhone</a>""",MdSitler,0,FALSE,FALSE,NA,NA
31,"Spring is approaching quickly, but that doesn't mean the seasonal #flu is done for the year. In fact, cases of the‚Ä¶",FALSE,4,NA,3/5/19 15:02,TRUE,NA,1.10295E+18,NA,"<a href=\https://www.hootsuite.com\"" rel=\""nofollow\"">Hootsuite Inc.</a>""",Pharm4Me,1,FALSE,FALSE,NA,NA
32,"We'd like to say a huge thanks to the 3,800 @BTHFT staff who became #flufighters this winter by having the #flu jab‚Ä¶",FALSE,15,NA,3/5/19 14:19,TRUE,NA,1.10294E+18,NA,"<a href=\http://twitter.com\"" rel=\""nofollow\"">Twitter Web Client</a>""",BTHFT,2,FALSE,FALSE,NA,NA
33,"Flu activity has increased in the US, which means it‚Äôs a great idea to get your flu shot if you haven‚Äôt already! Th‚Ä¶",FALSE,1,NA,3/5/19 13:25,TRUE,NA,1.10292E+18,NA,"<a href=\https://about.twitter.com/products/tweetdeck\"" rel=\""nofollow\"">TweetDeck</a>""",HealthyCollier,1,FALSE,FALSE,NA,NA
34,Thinking of having a flu vaccine #FluVaccine #flu #health #EastMidsHeadsUp,FALSE,3,NA,3/5/19 9:29,FALSE,NA,1.10286E+18,NA,"<a href=\http://twitter.com/#!/download/ipad\"" rel=\""nofollow\"">Twitter for iPad</a>""",TickHr,1,FALSE,FALSE,NA,NA
35,Vaccination talk is funny... So you mean to tell me that by me NOT having the flu virus injected in me that people‚Ä¶,FALSE,2,NA,3/5/19 2:26,TRUE,NA,1.10276E+18,NA,"<a href=\http://twitter.com/download/android\"" rel=\""nofollow\"">Twitter for Android</a>""",VeezyFNB,0,FALSE,FALSE,NA,NA
36,At the stage where I‚Äôm eating saltine crackers and chasing them with sprite. #FluVaccine,FALSE,7,NA,3/5/19 1:49,FALSE,NA,1.10275E+18,NA,"<a href=\http://twitter.com/download/iphone\"" rel=\""nofollow\"">Twitter for iPhone</a>""",Thee_JackWalsh,0,FALSE,FALSE,NA,NA
37,The real drug pushers aren‚Äôt in jail. They work at the CDC. @CDCFlu: #NewsFlash: The #FluVaccine is ineffective &amp; t‚Ä¶,FALSE,0,NA,3/5/19 1:34,TRUE,NA,1.10274E+18,NA,"<a href=\http://twitter.com/download/iphone\"" rel=\""nofollow\"">Twitter for iPhone</a>""",totallynudefood,0,FALSE,FALSE,NA,NA
38,Flu shots are basically a crap shoot and free on every corner. Tamiflu actually works and is $114 without insurance‚Ä¶,FALSE,0,NA,3/4/19 23:04,TRUE,NA,1.10271E+18,NA,"<a href=\http://twitter.com/download/iphone\"" rel=\""nofollow\"">Twitter for iPhone</a>""",DKump11,0,FALSE,FALSE,NA,NA
39,Are you avoiding getting the #FluShot because you‚Äôve heard the vaccine can be dangerous and cause side effects? Her‚Ä¶,FALSE,3,NA,3/4/19 22:56,TRUE,NA,1.1027E+18,NA,"<a href=\https://sproutsocial.com\"" rel=\""nofollow\"">Sprout Social</a>""",bcbssc,1,FALSE,FALSE,NA,NA
40,1Ô∏è‚É£Take time to get a #fluvaccine. 2Ô∏è‚É£Take everyday preventive actions to help reduce the spread of germs. 3Ô∏è‚É£If y‚Ä¶,FALSE,0,NA,3/4/19 22:21,TRUE,NA,1.1027E+18,NA,"<a href=\https://sproutsocial.com\"" rel=\""nofollow\"">Sprout Social</a>""",NMCInspires,0,FALSE,FALSE,NA,NA
41,"CDC estimates that as many as 26,700 people have died from #flu this season, as of Feb. 23. Protect yourself and yo‚Ä¶",FALSE,26,NA,3/4/19 21:00,TRUE,NA,1.10268E+18,NA,"<a href=\https://sproutsocial.com\"" rel=\""nofollow\"">Sprout Social</a>""",CDCFlu,28,FALSE,FALSE,NA,NA
42,"Nurse Warns of \Biogenics [Biologics]\"" &amp; Forced #Flu Shots Happening in US Hospitals""",FALSE,0,NA,3/4/19 20:20,TRUE,NA,1.10267E+18,NA,"<a href=\http://ViraBurnayeva.com\"" rel=\""nofollow\"">Vaccines and Homeopathy News</a>""",ViraBurnayeva,1,FALSE,FALSE,NA,NA
44,@sindivanzyl @clivesimpkins I can't believe it's already time for this year's #FluVaccine. It feels like yesterday‚Ä¶,FALSE,1,sindivanzyl,3/4/19 18:51,TRUE,1.10257E+18,1.10264E+18,257612058,"<a href=\http://twitter.com\"" rel=\""nofollow\"">Twitter Web Client</a>""",MarianneValen20,0,FALSE,FALSE,NA,NA
45,"@sindivanzyl My question about the #FluVaccine is that, is the Vaccine addictive or not?",FALSE,0,sindivanzyl,3/4/19 18:49,FALSE,1.10257E+18,1.10264E+18,257612058,"<a href=\http://twitter.com/download/android\"" rel=\""nofollow\"">Twitter for Android</a>""",SMASH_OP,0,FALSE,FALSE,NA,NA
46,#fluvaccine is now trending in #Johannesburg,FALSE,1,NA,3/4/19 18:42,FALSE,NA,1.10264E+18,NA,"<a href=\http://trendsmap.com/\"" rel=\""nofollow\"">Trendsmap Alerting</a>""",TrendsJoBurg,1,FALSE,FALSE,NA,NA
47,Yet to get your #FluVaccine? CDC: 49 states see widespread flu activity vaccines DO NOT‚Ä¶,FALSE,2,drpsagar,3/4/19 17:22,TRUE,1.09529E+18,1.10262E+18,7.89908E+17,"<a href=\http://twitter.com\"" rel=\""nofollow\"">Twitter Web Client</a>""",drpsagar,0,FALSE,FALSE,NA,NA
48,I'm getting a #FluVaccine this year. Parents don't keep their sick kids home.. all the sneezing and coughing in my‚Ä¶,FALSE,1,NA,3/4/19 16:09,TRUE,NA,1.1026E+18,NA,"<a href=\https://mobile.twitter.com\"" rel=\""nofollow\"">Twitter Web App</a>""",ms_ntlali,0,FALSE,FALSE,NA,NA
49,Another pharmacist advised against the #FluVaccine doc,FALSE,0,NA,3/4/19 15:57,FALSE,NA,1.1026E+18,NA,"<a href=\http://twitter.com/download/android\"" rel=\""nofollow\"">Twitter for Android</a>""",MkhululiAfrika,0,FALSE,FALSE,NA,NA
50,#FluVaccine 2017 We get a different vaccine each year to cover the specific year's strains Teensy weensy needle.‚Ä¶,FALSE,25,sindivanzyl,3/4/19 14:26,TRUE,1.10257E+18,1.10258E+18,257612058,"<a href=\http://twitter.com/download/android\"" rel=\""nofollow\"">Twitter for Android</a>""",sindivanzyl,10,FALSE,FALSE,NA,NA
51,It's time for you to get your #FluVaccine Most retail pharmacies with in-house clinics offer it Most medical aids‚Ä¶,FALSE,472,NA,3/4/19 14:14,TRUE,NA,1.10257E+18,NA,"<a href=\http://twitter.com/download/android\"" rel=\""nofollow\"">Twitter for Android</a>""",sindivanzyl,250,FALSE,FALSE,NA,NA
52,Hurry! We need to order soon. Help us make sure we have enough for your employees... Tell us now approx how many v‚Ä¶,FALSE,1,NA,3/4/19 4:03,TRUE,NA,1.10242E+18,NA,"<a href=\https://www.socialoomph.com\"" rel=\""nofollow\"">SocialOomph</a>""",allhealthmatt,0,FALSE,FALSE,NA,NA
53,A reason to get your #fluvaccine this season!,FALSE,0,NA,3/3/19 20:37,FALSE,NA,1.10231E+18,NA,"<a href=\https://sproutsocial.com\"" rel=\""nofollow\"">Sprout Social</a>""",MotherToBabyCA,0,FALSE,FALSE,NA,NA
54,#STUDY: Prevention of #Influenza Episodes with #Colostrum Compared with #Vaccination in Healthy &amp; High-Risk Cardiov‚Ä¶,FALSE,3,NA,3/3/19 20:22,TRUE,NA,1.1023E+18,NA,"<a href=\http://ViraBurnayeva.com\"" rel=\""nofollow\"">Vaccines and Homeopathy News</a>""",ViraBurnayeva,2,FALSE,FALSE,NA,NA
55,"Weekly number of positive #InfluenzaA virus samples, by subtype from sentinel surveillance and incidence of laborat‚Ä¶",FALSE,2,NA,3/3/19 13:01,TRUE,NA,1.10219E+18,NA,"<a href=\https://www.hootsuite.com\"" rel=\""nofollow\"">Hootsuite Inc.</a>""",Eurosurveillanc,1,FALSE,FALSE,NA,NA
57,@_atanas_ Researcher gets $3.86 million grant to develop universal #FluVaccine with microneedle patch‚Ä¶,FALSE,2,_atanas_,3/3/19 4:42,TRUE,1.10207E+18,1.10207E+18,2257558088,"<a href=\https://www.primal.com\"" rel=\""nofollow\"">Primal for Twitter</a>""",Primal_Digest,1,FALSE,FALSE,NA,NA
58,@Rfaamrullah #STUDY: #FluShot Induces 4.4-Fold INCREASE in Non-Flu Acute Respiratory Infections‚Ä¶,FALSE,1,ViraBurnayeva,3/2/19 16:30,TRUE,1.10188E+18,1.10188E+18,424664120,"<a href=\http://twitter.com\"" rel=\""nofollow\"">Twitter Web Client</a>""",ViraBurnayeva,1,FALSE,FALSE,NA,NA
59,@Rfaamrullah it's safer to NOT vaccinate against #Flu. There are alternatives for #FluVaccine that prevent flu more‚Ä¶,FALSE,1,Rfaamrullah,3/2/19 16:21,TRUE,1.10187E+18,1.10188E+18,9.41285E+17,"<a href=\http://twitter.com\"" rel=\""nofollow\"">Twitter Web Client</a>""",ViraBurnayeva,2,FALSE,FALSE,NA,NA
60,US Government Pays Out Millions to Victims Killed or Paralyzed by #FluShot those 89 ca‚Ä¶,FALSE,19,NA,3/2/19 14:53,TRUE,NA,1.10186E+18,NA,"<a href=\http://ViraBurnayeva.com\"" rel=\""nofollow\"">Vaccines and Homeopathy News</a>""",ViraBurnayeva,12,FALSE,FALSE,NA,NA
61,"Novel #influenza A(H1N2) seasonal reassortant identified in a patient sample in #Sweden, January 2019‚Ä¶",FALSE,10,NA,3/2/19 13:00,TRUE,NA,1.10183E+18,NA,"<a href=\https://www.hootsuite.com\"" rel=\""nofollow\"">Hootsuite Inc.</a>""",Eurosurveillanc,13,FALSE,FALSE,NA,NA
62,"Slow start, but it's not over yet: 5 things to know about this year's #fluseason -",FALSE,0,NA,3/2/19 11:55,TRUE,NA,1.10181E+18,NA,"<a href=\https://www.hootsuite.com\"" rel=\""nofollow\"">Hootsuite Inc.</a>""",RealtyNetworkG,0,FALSE,FALSE,NA,NA
63,"Ten big global challenges #technology could solve: None is easy, but all are incredibly important.‚Ä¶",FALSE,2,NA,3/2/19 8:53,TRUE,NA,1.10177E+18,NA,"<a href=\https://buffer.com\"" rel=\""nofollow\"">Buffer</a>""",sciencedisrupt,2,FALSE,FALSE,NA,NA
64,#STUDY: FLU #Vaccine Increases Viral #Shedding 6.3 Times observed 6.3X more viral aero‚Ä¶,FALSE,12,ViraBurnayeva,3/1/19 21:08,TRUE,1.10154E+18,1.10159E+18,424664120,"<a href=\http://twitter.com\"" rel=\""nofollow\"">Twitter Web Client</a>""",ViraBurnayeva,10,FALSE,FALSE,NA,NA
65,"Correct answer: Yes! Antivirals and antibiotics are different. Antibiotics fight against bacterial infections, whil‚Ä¶",FALSE,6,CDCFlu,3/1/19 20:40,TRUE,1.10152E+18,1.10158E+18,16616061,"<a href=\http://twitter.com\"" rel=\""nofollow\"">Twitter Web Client</a>""",CDCFlu,5,FALSE,FALSE,NA,NA
66,Targeting #fluvaccine: The Learning Health System program at @KPWaResearch looked at data from @kpwashington member‚Ä¶,FALSE,0,NA,3/1/19 18:05,TRUE,NA,1.10154E+18,NA,"<a href=\https://about.twitter.com/products/tweetdeck\"" rel=\""nofollow\"">TweetDeck</a>""",KPWaResearch,0,FALSE,FALSE,NA,NA
67,The #flu can be serious for older adults. Getting the #fluvaccine is the best way to protect yourself from serious‚Ä¶,FALSE,0,NA,3/1/19 15:45,TRUE,NA,1.10151E+18,NA,"<a href=\https://sproutsocial.com\"" rel=\""nofollow\"">Sprout Social</a>""",Aging_Research,0,FALSE,FALSE,NA,NA
68,"Number, subtype and percent positivity of specimens from #SevereAcuteRespiratoryInfection #surveillance by‚Ä¶",FALSE,4,NA,3/1/19 13:01,TRUE,NA,1.10147E+18,NA,"<a href=\https://www.hootsuite.com\"" rel=\""nofollow\"">Hootsuite Inc.</a>""",Eurosurveillanc,2,FALSE,FALSE,NA,NA
70,Co-circulation of #influenza A(H1N1)pdm09 and influenza A(H3N2) viruses in the World Health Organization (WHO) Euro‚Ä¶,FALSE,0,NA,3/1/19 9:00,TRUE,NA,1.10141E+18,NA,"<a href=\https://www.hootsuite.com\"" rel=\""nofollow\"">Hootsuite Inc.</a>""",Eurosurveillanc,0,FALSE,FALSE,NA,NA
71,Vaccine providers can now pre-order the 2019 influenza vaccine. NSW Health's Influenza Vaccination Toolkit will be‚Ä¶,FALSE,2,NA,3/1/19 3:45,TRUE,NA,1.10133E+18,NA,"<a href=\https://www.hootsuite.com\"" rel=\""nofollow\"">Hootsuite Inc.</a>""",nbmphn,0,FALSE,FALSE,NA,NA
72,.@CDCgov‚Äôs #FluView shows us seasonal influenza activity reached a new high for 2018 ‚Äì 2019 season. 41 children hav‚Ä¶,FALSE,6,NA,2/28/19 21:36,TRUE,NA,1.10123E+18,NA,"<a href=\http://twitter.com\"" rel=\""nofollow\"">Twitter Web Client</a>""",HHS_ASH,6,FALSE,FALSE,NA,NA
73,Leadership in the CDC‚Äôs flu division are recommending that people still get a flu shot to prevent a late-season rus‚Ä¶,FALSE,0,NA,2/28/19 19:25,TRUE,NA,1.1012E+18,NA,"<a href=\http://www.hubspot.com/\"" rel=\""nofollow\"">HubSpot</a>""",LeavittPartners,0,FALSE,FALSE,NA,NA
75,A new issue of #Eurosurveillance has been published: #PublicHealth #InfectiousDisease‚Ä¶,FALSE,0,NA,2/28/19 15:30,TRUE,NA,1.10114E+18,NA,"<a href=\https://www.hootsuite.com\"" rel=\""nofollow\"">Hootsuite Inc.</a>""",Eurosurveillanc,6,FALSE,FALSE,NA,NA
76,"Even if you did miss out on getting the #fluvaccine before November, it isn‚Äôt too late. You can still receive the v‚Ä¶",FALSE,0,NA,2/28/19 10:30,TRUE,NA,1.10107E+18,NA,"<a href=\https://www.hootsuite.com\"" rel=\""nofollow\"">Hootsuite Inc.</a>""",publichealthni,3,FALSE,FALSE,NA,NA
79,"The #CommonCold and the #Flu can be tricky to tell apart. Both are caused by viruses and are contagious, but the fl‚Ä¶",FALSE,2,NA,2/27/19 18:02,TRUE,NA,1.10082E+18,NA,"<a href=\https://sproutsocial.com\"" rel=\""nofollow\"">Sprout Social</a>""",bcbssc,2,FALSE,FALSE,NA,NA
80,The #HPS weekly report includes updates on: üßí Children‚Äôs #fluvaccine 87% effective against circulating strain üíâ WH‚Ä¶,FALSE,2,NA,2/27/19 15:48,TRUE,NA,1.10078E+18,NA,"<a href=\http://twitter.com\"" rel=\""nofollow\"">Twitter Web Client</a>""",NHSNSS,2,FALSE,FALSE,NA,NA
81,Flu vaccine 'working better for children'. Read the article: #firza #firzagroup #fluvaccine,FALSE,1,NA,2/27/19 15:27,FALSE,NA,1.10078E+18,NA,"<a href=\https://www.socialreport.com\"" rel=\""nofollow\"">SocialReport.com</a>""",firzagroup,0,FALSE,FALSE,NA,NA
1,Another flu strain is on the rise in the area. This one tends to affect seniors the most. It's not too late to get‚Ä¶,FALSE,3,NA,3/7/19 21:06,TRUE,NA,1.10376E+18,NA,"<a href=\http://twitter.com\"" rel=\""nofollow\"">Twitter Web Client</a>""",vcchealthcare,0,FALSE,FALSE,NA,NA
2,Pregnant women at all stages of pregnancy will be invited by their GP to get the flu vaccine. The vaccine helps to‚Ä¶,FALSE,2,NA,3/7/19 18:30,TRUE,NA,1.10372E+18,NA,"<a href=\https://www.hootsuite.com\"" rel=\""nofollow\"">Hootsuite Inc.</a>""",publichealthni,2,FALSE,FALSE,NA,NA
3,#STUDY: Flu #Vaccine Increases Viral #Shedding 6.3 Times observed 6.3X more viral aero‚Ä¶,FALSE,2,NA,3/7/19 17:47,TRUE,NA,1.10371E+18,NA,"<a href=\http://ViraBurnayeva.com\"" rel=\""nofollow\"">Vaccines and Homeopathy News</a>""",ViraBurnayeva,3,FALSE,FALSE,NA,NA
4,Is the Flu Vaccine the Solution or the Problem? Read more: #kellybroganmd #AMindofYourOwn‚Ä¶,FALSE,10,NA,3/7/19 17:01,TRUE,NA,1.1037E+18,NA,"<a href=\https://buffer.com\"" rel=\""nofollow\"">Buffer</a>""",kellybroganmd,2,FALSE,FALSE,NA,NA
5,One would think after @KellyRipa got so emotional on @LiveKellyRyan over the passing of #LukePerry they wouldn‚Äôt be‚Ä¶,FALSE,0,NA,3/7/19 15:55,TRUE,NA,1.10369E+18,NA,"<a href=\http://twitter.com/download/iphone\"" rel=\""nofollow\"">Twitter for iPhone</a>""",belles54,1,FALSE,FALSE,NA,NA
6,@CDCgov predicts there are still weeks of #flu activity to come this season. It‚Äôs not too late to protect you and y‚Ä¶,FALSE,0,CDCgov,3/7/19 14:55,TRUE,NA,1.10367E+18,146569971,"<a href=\https://about.twitter.com/products/tweetdeck\"" rel=\""nofollow\"">TweetDeck</a>""",CherryHealthMI,0,FALSE,FALSE,NA,NA
7,CDC predicts that there are still weeks of #flu activity to come this season. It‚Äôs not too late to protect yourself‚Ä¶,FALSE,34,NA,3/7/19 14:43,TRUE,NA,1.10367E+18,NA,"<a href=\https://sproutsocial.com\"" rel=\""nofollow\"">Sprout Social</a>""",CDCFlu,32,FALSE,FALSE,NA,NA
8,"@MidSentryModern @saoirse_vapor @firemanjohn628 @PattyMurray Injecting children with aluminum neurotoxins, retrovir‚Ä¶",FALSE,2,MidSentryModern,3/7/19 14:02,TRUE,1.10361E+18,1.10366E+18,136405463,"<a href=\http://twitter.com/download/android\"" rel=\""nofollow\"">Twitter for Android</a>""",CoercedTaxSlave,2,FALSE,FALSE,NA,NA
9,Children aged 2 or 3 can get a free flu nasal spray vaccination. Speak to your GP now #fluvaccine. For more infor‚Ä¶,FALSE,0,NA,3/7/19 10:33,TRUE,NA,1.1036E+18,NA,"<a href=\http://twitter.com\"" rel=\""nofollow\"">Twitter Web Client</a>""",LiverpoolPH,0,FALSE,FALSE,NA,NA
10,"In 2016 #CDC Acknowledged that \Nasal Spray\"" #Flu #Vaccine Did Not Work &amp; Should Not Be Used‚Ä¶""",FALSE,5,NA,3/7/19 9:01,TRUE,NA,1.10358E+18,NA,"<a href=\http://ViraBurnayeva.com\"" rel=\""nofollow\"">Vaccines and Homeopathy News</a>""",ViraBurnayeva,4,FALSE,FALSE,NA,NA
11,Join the participants from #Vaccines &amp; #Immunology department at #international #congress on vaccines &amp; immunology‚Ä¶,FALSE,1,NA,3/7/19 6:37,TRUE,NA,1.10355E+18,NA,"<a href=\http://twitter.com\"" rel=\""nofollow\"">Twitter Web Client</a>""",AXIOMATICINTER2,0,FALSE,FALSE,NA,NA
12,Is the Flu Vaccine Really ‚ÄòWorking Well‚Äô This Year? #fluvaccine,FALSE,1,NA,3/7/19 2:41,FALSE,NA,1.10349E+18,NA,"<a href=\https://www.hootsuite.com\"" rel=\""nofollow\"">Hootsuite Inc.</a>""",greendailynews,0,FALSE,FALSE,NA,NA