"1","Shooting yourself in the foot, literally - Suvarnabhumi police station - more at #Bangkok‚Ä¶",FALSE,0,NA,2019-03-08 07:16:58,TRUE,NA,"1103917507746754563",NA,"<a href=\"https://thethaiger.com/\" rel=\"nofollow\">Thaiger Tweets</a>","ThaigerNews",1,FALSE,FALSE,NA,NA
"2","Let your #shot sit for long, it will soon become #unpalatable. But done right, the salt #transforms #drinks that‚Ä¶",FALSE,0,NA,2019-03-08 07:00:50,TRUE,NA,"1103913449812254721",NA,"<a href=\"https://www.hootsuite.com\" rel=\"nofollow\">Hootsuite Inc.</a>","UniqueMinerals",0,FALSE,FALSE,NA,NA
"3","Real men love pretty girls who can shoot good.... #BhamMusicPlugüîå #Pistol #Booty #Shot #Glock #Water #Boat #Model‚Ä¶",FALSE,1,NA,2019-03-08 06:23:30,TRUE,NA,"1103904051354263552",NA,"<a href=\"http://instagram.com\" rel=\"nofollow\">Instagram</a>","bhammusic_plug",1,FALSE,FALSE,NA,NA
"4","So many times that I've been Too proud to let it out (When I feel it's too much to handle) So many times that I've‚Ä¶",FALSE,0,NA,2019-03-08 06:07:34,TRUE,NA,"1103900044627828737",NA,"<a href=\"http://instagram.com\" rel=\"nofollow\">Instagram</a>","rafaelsilvacf",0,FALSE,FALSE,NA,NA
"5","VENETIAN STYLE BUILDING üòÄüì∑‚ù§Ô∏è #VODNJAN #ISTRIA #CROATIA #planet #Earth #countryside #environment #heritage #walking‚Ä¶",FALSE,17,NA,2019-03-08 05:59:39,TRUE,NA,"1103898049938509824",NA,"<a href=\"http://twitter.com\" rel=\"nofollow\">Twitter Web Client</a>","drago_karlo",3,FALSE,FALSE,NA,NA
"6","#shot on vivo V11 pro @Vivo_India #potrait shot",FALSE,0,NA,2019-03-08 05:06:06,FALSE,NA,"1103884574826741760",NA,"<a href=\"http://twitter.com/download/android\" rel=\"nofollow\">Twitter for Android</a>","Suvarna30610250",0,FALSE,FALSE,NA,NA
"7","Whiskey made me do it. üòÄü•Éüç∏ #Whiskey #Drink #Shot #WhiskyLover #WhiskyTasting #Cheers #Enjoy #LiquorStore #CNC‚Ä¶",FALSE,3,NA,2019-03-08 03:07:50,TRUE,NA,"1103854811751972869",NA,"<a href=\"http://twitter.com\" rel=\"nofollow\">Twitter Web Client</a>","CorkNCapLiquor",0,FALSE,FALSE,NA,NA
"8","Coffee, coffee, coffee! Any time/any weather/any moment! ‚òïÔ∏è‚òïÔ∏è #coffee #beverage #drink #blackcoffee #capuccino‚Ä¶",FALSE,1,NA,2019-03-08 02:44:10,TRUE,NA,"1103848857698471936",NA,"<a href=\"http://twitter.com/download/iphone\" rel=\"nofollow\">Twitter for iPhone</a>","SANDRAJAZIBEL",3,FALSE,FALSE,NA,NA
"9","Playing sea of thieves with my girlfriend #twitchprime #twitchclips #dope #soap‚Ä¶",FALSE,3,NA,2019-03-08 01:36:56,TRUE,NA,"1103831935384805376",NA,"<a href=\"https://ifttt.com\" rel=\"nofollow\">IFTTT</a>","TheCobraffe",0,FALSE,FALSE,NA,NA
"12","My love ‚ù§‚ù§‚ù§‚ù§ üíñ üíï üíì #newbornphotography #curitiba #alexardisson #cute #shot #babygirl #princess #gestante #estudio‚Ä¶",FALSE,0,NA,2019-03-08 01:14:52,TRUE,NA,"1103826381580849152",NA,"<a href=\"http://instagram.com\" rel=\"nofollow\">Instagram</a>","ArdissonProduco",1,FALSE,FALSE,"-46.55896157","-23.54939974"
"13","#U.N. Finds #Israel Intentionally #Shot #Children, #Journalists &amp; the Disable... via @YouTube",FALSE,0,NA,2019-03-08 01:06:40,FALSE,NA,"1103824320680230912",NA,"<a href=\"http://twitter.com\" rel=\"nofollow\">Twitter Web Client</a>","Shonib4u",0,FALSE,FALSE,NA,NA
"14","#Mississippi #Wife, 2 #Friends #Shot &amp; #Killed at Her Birthday Party After She Tried to Stop #Husband From Driving‚Ä¶",FALSE,1,NA,2019-03-08 01:00:26,TRUE,NA,"1103822750232334337",NA,"<a href=\"http://twitter.com/download/android\" rel=\"nofollow\">Twitter for Android</a>","NYJusticeSeeker",0,FALSE,FALSE,NA,NA
"15","Just to mix things up a bit. A #shot from my #archives from a #climbing trip to the #himalayas. From the #summit of‚Ä¶",FALSE,0,NA,2019-03-08 00:59:44,TRUE,NA,"1103822572981026817",NA,"<a href=\"https://ifttt.com\" rel=\"nofollow\">IFTTT</a>","MeadNortonPhoto",1,FALSE,FALSE,NA,NA
"16","#TBT doing what makes me feel happy ‚úàÔ∏è #shot #airport #travel #man #cwb #travelling #travelphotography‚Ä¶",FALSE,0,NA,2019-03-08 00:40:36,TRUE,NA,"1103817757714313216",NA,"<a href=\"http://instagram.com\" rel=\"nofollow\">Instagram</a>","wesleywisenfath",0,FALSE,FALSE,"-49.17219016","-25.53661843"
"17","TFB Review: Comfort Combo by Qore Performance and Noisefighters #shot #firearms",FALSE,0,NA,2019-03-08 00:33:03,FALSE,NA,"1103815858382491648",NA,"<a href=\"https://dlvrit.com/\" rel=\"nofollow\">dlvr.it</a>","predatorhunting",0,FALSE,FALSE,NA,NA
"18","AD NEW SHIT‚ÄºÔ∏è @thefamousar‚ÄúBig Dog‚Äù üêï #shot by üìΩüéû @tsimsfilms üí™üèΩ #OUTNOW‚ÄºÔ∏è Make Sure y‚Äôall check it out on‚Ä¶",FALSE,0,NA,2019-03-08 00:00:08,TRUE,NA,"1103807577454989312",NA,"<a href=\"http://www.facebook.com/twitter\" rel=\"nofollow\">Facebook</a>","Thefamousar",0,FALSE,FALSE,NA,NA
"19","#DirectorofPhotography Doug Munro #setting up the #prefect #shot for the #feature #rootoftheproblem",FALSE,1,NA,2019-03-07 23:32:18,FALSE,NA,"1103800569515261953",NA,"<a href=\"http://twitter.com/download/iphone\" rel=\"nofollow\">Twitter for iPhone</a>","ProblemRoot",0,FALSE,FALSE,NA,NA
"20","üö®üö®When A Real Thug Lovesüö®üö® ‚ö†Ô∏è‚ö†Ô∏èVIDEO‚ÄºÔ∏è‚ÄºÔ∏è Dropping #Tasty #Tuesday üëÄüëÄü§§ü§§ooowwww lilleeto ‚ö†Ô∏è‚ö†Ô∏èüé•üé¨EVERYTHING #Shot by mu‚Ä¶",FALSE,0,NA,2019-03-07 23:03:02,TRUE,NA,"1103793204795764747",NA,"<a href=\"http://instagram.com\" rel=\"nofollow\">Instagram</a>","F2Y_MoneyMonta",0,FALSE,FALSE,NA,NA
"21","#Shot check out newcomer @jennytolman #MyWelcomeMat - or as she calls it, her \"what would @dollyparton do\" song!:",FALSE,5,NA,2019-03-07 23:02:41,FALSE,NA,"1103793116413194240",NA,"<a href=\"http://twitter.com\" rel=\"nofollow\">Twitter Web Client</a>","MorningHangover",2,FALSE,FALSE,NA,NA
"22","It‚Äôs 5 o‚Äôclock somewhere... #ak #ak47 #centuryarms #rifle #762x39 #shooting #shot #targetshooting #gun #guns‚Ä¶",FALSE,3,NA,2019-03-07 21:28:11,TRUE,NA,"1103769338035793933",NA,"<a href=\"http://twitter.com/download/iphone\" rel=\"nofollow\">Twitter for iPhone</a>","patspawnandgun",0,FALSE,FALSE,NA,NA
"23","Some sunsets are hard to forget. #mountain #nature #naturephotography #naturelovers #shot #canon #eos #picture #pic‚Ä¶",FALSE,2,NA,2019-03-07 21:27:07,TRUE,NA,"1103769068295733248",NA,"<a href=\"http://instagram.com\" rel=\"nofollow\">Instagram</a>","naudylucenaq",1,FALSE,FALSE,"-71.67166667","-35.42666667"
"24","I have so much love for this man, counting down to the day we go back ‚ù§Ô∏è #thursday #potd #nofilter #throwback #uk‚Ä¶",FALSE,0,NA,2019-03-07 21:12:54,TRUE,NA,"1103765491938549760",NA,"<a href=\"http://instagram.com\" rel=\"nofollow\">Instagram</a>","suuunita",0,FALSE,FALSE,NA,NA
"25","East Boston - Report of a person #shot 700 block of Border Street (GSW leg) #Boston",FALSE,4,NA,2019-03-07 20:46:00,FALSE,NA,"1103758720012611597",NA,"<a href=\"http://twitter.com/download/iphone\" rel=\"nofollow\">Twitter for iPhone</a>","ChelseaScanner",4,FALSE,FALSE,NA,NA
"26","#AD NEW SHIT‚ÄºÔ∏è @thefamousar‚ÄúBig Dog‚Äù üêï #shot by üìΩüéû @tsimsfilms üí™üèΩ #OUTNOW‚ÄºÔ∏è Make Sure y‚Äôall check it out on‚Ä¶",FALSE,0,NA,2019-03-07 20:39:22,TRUE,NA,"1103757049719152641",NA,"<a href=\"http://www.facebook.com/twitter\" rel=\"nofollow\">Facebook</a>","Thefamousar",0,FALSE,FALSE,NA,NA
"27","Art of M'y Cousin üòçüòò#photoshooting #instapict #instapic #bestshots #bestshot #snapshots #shot #snap #instapicdaily‚Ä¶",FALSE,1,NA,2019-03-07 20:37:02,TRUE,NA,"1103756462701113344",NA,"<a href=\"http://twitter.com/download/android\" rel=\"nofollow\">Twitter for Android</a>","Youcef_Soffih",0,FALSE,FALSE,NA,NA
"28","REAL TALK RADIO13 #Police pursuit of man who #shot #officer in #Rockford leads to standoff on I-55..‚Ä¶",FALSE,0,NA,2019-03-07 20:07:59,TRUE,NA,"1103749153690173440",NA,"<a href=\"http://www.facebook.com/twitter\" rel=\"nofollow\">Facebook</a>","realtalkradio13",0,FALSE,FALSE,NA,NA
"29","Investigators: Indiana boy #shot #trooper dad over video games",FALSE,0,NA,2019-03-07 19:45:09,FALSE,NA,"1103743405732098049",NA,"<a href=\"http://twitter.com/download/iphone\" rel=\"nofollow\">Twitter for iPhone</a>","WLKYSusanneH",0,FALSE,FALSE,NA,NA
"30","Today‚Äôs special: Boilermaker. Five dollars. #evanwilliams #bourbon #schaeferbeer #beer #boilermaker #shot‚Ä¶",FALSE,0,NA,2019-03-07 19:40:02,TRUE,NA,"1103742119083163648",NA,"<a href=\"http://instagram.com\" rel=\"nofollow\">Instagram</a>","theBoozyXtian",0,FALSE,FALSE,NA,NA
"31","@KenyonMartinSr I did a #shot w/ you at a party in Clifton once. Cool Baby! üí∞üçπüí™üèÄüé±",FALSE,0,"KenyonMartinSr",2019-03-07 18:40:54,FALSE,NA,"1103727236274970624","493947419","<a href=\"https://mobile.twitter.com\" rel=\"nofollow\">Twitter Web App</a>","MarkGallina",0,FALSE,FALSE,NA,NA
"32","#Repost @janasilao @reposting_insta . . . . SM YOUTH 2019 #styling by me #makeup by @jiaachacruz #hair by‚Ä¶",FALSE,2,NA,2019-03-07 18:15:56,TRUE,NA,"1103720955631685632",NA,"<a href=\"http://twitter.com/download/android\" rel=\"nofollow\">Twitter for Android</a>","mygirl_3105",3,FALSE,FALSE,NA,NA
"33","I hate sunny days and I hate warm colors, but I love flowers, I love this place, they remind me of you. #shot",FALSE,23,NA,2019-03-07 17:40:41,FALSE,NA,"1103712084041318402",NA,"<a href=\"http://twitter.com/download/android\" rel=\"nofollow\">Twitter for Android</a>","yomnanouh",0,FALSE,FALSE,NA,NA
"34","#Indiana 11-year-old #boy allegedly #shot #dad for taking away #videogames via @nypost",FALSE,0,NA,2019-03-07 17:22:59,FALSE,NA,"1103707628398628864",NA,"<a href=\"http://twitter.com\" rel=\"nofollow\">Twitter Web Client</a>","NYJusticeSeeker",0,FALSE,FALSE,NA,NA
"35","#Jojo with the #Shot assist from big sister #LiLi ... when your sister is your biggest fan‚ÄºÔ∏èüíØüí™üèæüèÜ onlythirdgrader‚Ä¶",FALSE,1,NA,2019-03-07 17:14:00,TRUE,NA,"1103705367781859328",NA,"<a href=\"http://instagram.com\" rel=\"nofollow\">Instagram</a>","sisterhoodlje",0,FALSE,FALSE,NA,NA
"36","Red Stripe Beer Bottle Shot Glasses #redstripe #beer #Jamaica #upcycled #shot #glass #ThursdayThoughts‚Ä¶",FALSE,0,NA,2019-03-07 17:11:57,TRUE,NA,"1103704852956246017",NA,"<a href=\"http://twitter.com/download/iphone\" rel=\"nofollow\">Twitter for iPhone</a>","sundeejo2002",0,FALSE,FALSE,NA,NA
"37","Stance makes up for 40% of your #shot. Make sure you have the perfect #stance with the Talon #TrainingAid.",FALSE,0,NA,2019-03-07 17:00:50,FALSE,NA,"1103702057230499840",NA,"<a href=\"https://buffer.com\" rel=\"nofollow\">Buffer</a>","OjeeGolf",0,FALSE,FALSE,NA,NA
"38","#crummiebeats #nomercy #runupgetdunup #free #rinse #shoot #ya #bubblegoose #shot #maincourse #whosmansisthis‚Ä¶",FALSE,0,NA,2019-03-07 16:46:25,TRUE,NA,"1103698426129252353",NA,"<a href=\"http://instagram.com\" rel=\"nofollow\">Instagram</a>","CRUMMIEBEATS",0,FALSE,FALSE,"-76.34442","36.73918"
"39","Well, there but for the Grass of God go I. #MtG #GoogleTranslatesMtG #TheScorpionGod and I guess I have to tag thi‚Ä¶",FALSE,2,NA,2019-03-07 15:50:30,TRUE,NA,"1103684355124129794",NA,"<a href=\"http://twitter.com\" rel=\"nofollow\">Twitter Web Client</a>","GuyWhoWroteThis",0,FALSE,FALSE,NA,NA
"40","„ÄêLOVESHOT„Äë Shoot your love ! #love #shot #war #gun #heart #nowar #art #artist #illustrator #drawing #collage‚Ä¶",FALSE,0,NA,2019-03-07 15:02:40,TRUE,NA,"1103672319052939264",NA,"<a href=\"http://twitter.com/download/android\" rel=\"nofollow\">Twitter for Android</a>","HOMININAE4",0,FALSE,FALSE,NA,NA
"41","#Florida #Police officer Nouman Raja, who #shot and #Killed stranded black motorist #CoreyJones found #guilty - NBC‚Ä¶",FALSE,1,NA,2019-03-07 14:37:50,TRUE,NA,"1103666069439475712",NA,"<a href=\"http://twitter.com/download/iphone\" rel=\"nofollow\">Twitter for iPhone</a>","CitizenLeary911",0,FALSE,FALSE,NA,NA
"42","Golden Gate Bridge ‚ù§Ô∏èüåÅ . . . #California #USA #GoldenGate #GoldenGateBridge #SanFrancisco #PhotoOfTheDay‚Ä¶",FALSE,0,NA,2019-03-07 14:21:35,TRUE,NA,"1103661978235559937",NA,"<a href=\"http://instagram.com\" rel=\"nofollow\">Instagram</a>","KerlyAvilesM",0,FALSE,FALSE,"-122.47846","37.8183"
"44","Hey Queens üíú Are you feeling Kelly‚Äôs look?!! Is it #Hot üî• or #Shot ‚ùå",FALSE,0,NA,2019-03-07 14:08:13,FALSE,NA,"1103658614592540673",NA,"<a href=\"http://twitter.com/download/iphone\" rel=\"nofollow\">Twitter for iPhone</a>","MAttraxtion",0,FALSE,FALSE,NA,NA
"45","üá±üáª Tag your friend who is from latvia ? . üì∑#shot by Klavs Anson . üîñMark your photo with #cityvibes and we'll post i‚Ä¶",FALSE,0,NA,2019-03-07 13:52:51,TRUE,NA,"1103654747167432704",NA,"<a href=\"https://ifttt.com\" rel=\"nofollow\">IFTTT</a>","chilicalifornia",0,FALSE,FALSE,NA,NA
"46","Redweiler SHOT - CHANGE OF NAME #OLIMPSPORTNUTRITION #OLIMP #OLIMPTEAM #olimpsportnutrition #peanutbutter‚Ä¶",FALSE,0,NA,2019-03-07 13:46:17,TRUE,NA,"1103653095433748486",NA,"<a href=\"http://twitter.com\" rel=\"nofollow\">Twitter Web Client</a>","olimp_info",0,FALSE,FALSE,NA,NA
"47","Pakistan: Man who exposed 2012 #Kohistan video scandal #shot dead in #Abbottabad #shooting",FALSE,1,NA,2019-03-07 13:26:00,FALSE,NA,"1103647993071321088",NA,"<a href=\"https://www.hootsuite.com\" rel=\"nofollow\">Hootsuite Inc.</a>","EsiscTeam",2,FALSE,FALSE,NA,NA
"48","@BloodBunny99 BASICALLY BEST HOUSEHUSBAND EVER. #shot PLEASE LEARN COOKING TOO LUCIO. I can imagine him doing tha‚Ä¶",FALSE,2,"BloodBunny99",2019-03-07 13:23:30,TRUE,"1103646711761723394","1103647363833323521","4516808358","<a href=\"http://twitter.com\" rel=\"nofollow\">Twitter Web Client</a>","ShieruRei",0,FALSE,FALSE,NA,NA
"49","@BloodBunny99 No one care about bubs. He can go sealed somewhere else. #shot IKR, IM PRETTY WORRIED ABOUT LUCIO DY‚Ä¶",FALSE,1,"BloodBunny99",2019-03-07 13:21:58,TRUE,"1103646553024036865","1103646974878740482","4516808358","<a href=\"http://twitter.com\" rel=\"nofollow\">Twitter Web Client</a>","ShieruRei",0,FALSE,FALSE,NA,NA
"50","üá™üá™üá™üá™üá™üá™ Estonia . üì∑#shot by Julius Jansson . üîñMark your photo with #cityvibes and we'll post it! . #tallinn #talinn‚Ä¶",FALSE,0,NA,2019-03-07 09:52:41,TRUE,NA,"1103594308052152320",NA,"<a href=\"https://ifttt.com\" rel=\"nofollow\">IFTTT</a>","chilicalifornia",0,FALSE,FALSE,NA,NA
"51","‚ú® letstalkaboutboobs x @kluidmagazine #shot by me Link in BIO ‚ú® . . . #letstalkaboutboobs #jewelry #art‚Ä¶",FALSE,0,NA,2019-03-07 09:49:01,TRUE,NA,"1103593385846140929",NA,"<a href=\"http://instagram.com\" rel=\"nofollow\">Instagram</a>","denissecon2eses",0,FALSE,FALSE,NA,NA
"52","Throwback: A church in Sanremo #sanremo #throwback #photography #EU #throwbackthursday #italia #europe #church‚Ä¶",FALSE,0,NA,2019-03-07 09:27:46,TRUE,NA,"1103588039346085889",NA,"<a href=\"http://instagram.com\" rel=\"nofollow\">Instagram</a>","MattiaGalante",0,FALSE,FALSE,"7.77774454","43.81756233"
"53","Repost @janasilao by @media.repost: SM YOUTH 2019 #styling by me #makeup by @jiaachacruz #hair by @michellepitao‚Ä¶",FALSE,2,NA,2019-03-07 07:54:04,TRUE,NA,"1103564459316920320",NA,"<a href=\"http://twitter.com/download/android\" rel=\"nofollow\">Twitter for Android</a>","chesca_1186",3,FALSE,FALSE,NA,NA
"54","This is lovely right............ ? üì∑photo by meüòÅ #photography #PhotoOfTheWeek #Brightpraiz #shot",FALSE,0,NA,2019-03-07 07:40:10,FALSE,NA,"1103560957454942209",NA,"<a href=\"http://twitter.com/download/android\" rel=\"nofollow\">Twitter for Android</a>","brightpraiseuc1",0,FALSE,FALSE,NA,NA
"55","#UN #Finds #Israel #Intentionally #Shot #Children, #Journalists &amp; the #Disabled During #Gaza #Protests #Indivisible‚Ä¶",FALSE,0,NA,2019-03-07 07:39:26,TRUE,NA,"1103560772666322944",NA,"<a href=\"http://twitter.com/download/iphone\" rel=\"nofollow\">Twitter for iPhone</a>","curtislwalker",1,FALSE,FALSE,NA,NA
"56","So #inspired by my friend, I took a #shot and making #friedchicken ... next time definitely more #chile and a bit m‚Ä¶",FALSE,0,NA,2019-03-07 07:18:38,TRUE,NA,"1103555540490301440",NA,"<a href=\"http://instagram.com\" rel=\"nofollow\">Instagram</a>","xElleMarkovx",0,FALSE,FALSE,"-118.243","34.0522"
"57","#GOODMORNING NO GIVING UP IN DIFFICULTY üòÄüì∑‚ù§Ô∏è #ISTRIA #CROATIA #planet #Earth #countryside #environment #heritage‚Ä¶",FALSE,32,NA,2019-03-07 07:03:45,TRUE,NA,"1103551796235157504",NA,"<a href=\"http://twitter.com\" rel=\"nofollow\">Twitter Web Client</a>","drago_karlo",4,FALSE,FALSE,NA,NA
"58","Beautiful and delicious. üé• @edward_tanujaya #peoplebrewcoffee #thetrendybarista #tea #coffeequotes #kaldi‚Ä¶",FALSE,0,NA,2019-03-07 06:41:15,TRUE,NA,"1103546133769609221",NA,"<a href=\"http://instagram.com\" rel=\"nofollow\">Instagram</a>","hanstietema",0,FALSE,FALSE,NA,NA
"59","üá±üáª Uzava, Latvia . üì∑#shot by Mareks Stains . üîñMark your photo with #cityvibes and we'll post it! . #latvia #riga‚Ä¶",FALSE,0,NA,2019-03-07 05:52:59,TRUE,NA,"1103533985207074816",NA,"<a href=\"https://ifttt.com\" rel=\"nofollow\">IFTTT</a>","chilicalifornia",0,FALSE,FALSE,NA,NA
"60","Life is like a camera FOCUS, CAPTURE, DEVELOP. #shot #website #capture #cameraman‚Ä¶",FALSE,0,NA,2019-03-07 05:50:20,TRUE,NA,"1103533318832902145",NA,"<a href=\"http://twitter.com\" rel=\"nofollow\">Twitter Web Client</a>","emucoupon",0,FALSE,FALSE,NA,NA
"61","Another #drop of water #shot I love how this one took on the feel of being in space. It's just one of my wife's sc‚Ä¶",FALSE,0,NA,2019-03-07 05:28:00,TRUE,NA,"1103527698645823488",NA,"<a href=\"https://ifttt.com\" rel=\"nofollow\">IFTTT</a>","KyleJerichow",0,FALSE,FALSE,NA,NA
"62","Shot shot shotüç∫üç∑ #7Mar #7Marzo #Shot #DaniBarranco #Venezuela",FALSE,0,NA,2019-03-07 05:04:33,FALSE,NA,"1103521796605788161",NA,"<a href=\"http://twitter.com/download/android\" rel=\"nofollow\">Twitter for Android</a>","SoyGaboValbuena",0,FALSE,FALSE,NA,NA
"63","@RANBOY_D_Go @Mason_Foster 2nd down. 1 yard for the first. #shot",FALSE,2,"RANBOY_D_Go",2019-03-07 04:25:20,FALSE,"1103498910985707520","1103511926678597632","701349176","<a href=\"http://twitter.com/download/iphone\" rel=\"nofollow\">Twitter for iPhone</a>","Coachshawb",1,FALSE,FALSE,NA,NA
"64","#Sacramento #cops who #shot #StephonClark give their side of the story @MailOnline",FALSE,0,NA,2019-03-07 02:10:14,FALSE,NA,"1103477928107671557",NA,"<a href=\"http://twitter.com/download/android\" rel=\"nofollow\">Twitter for Android</a>","NYJusticeSeeker",0,FALSE,FALSE,NA,NA
"65","Happy 185th Birthday Toronto! üéà#toronto #hbd #mycity #thesix #photography #landscapephotography #aerial #shot‚Ä¶",FALSE,0,NA,2019-03-07 01:32:42,TRUE,NA,"1103468484795789312",NA,"<a href=\"http://instagram.com\" rel=\"nofollow\">Instagram</a>","Chanman83",0,FALSE,FALSE,"-79.3407","43.7166"
"66","#Shot check out this great track off @realdeewhite new album #SouthernGentleman feat @ashleymcbryde called‚Ä¶",FALSE,1,NA,2019-03-07 01:18:54,TRUE,NA,"1103465009676316672",NA,"<a href=\"http://twitter.com\" rel=\"nofollow\">Twitter Web Client</a>","MorningHangover",0,FALSE,FALSE,NA,NA
"67","Who says the transition #game is dead? Great read of a developing play. * * 800-231-8295 *‚Ä¶",FALSE,4,NA,2019-03-07 00:29:05,TRUE,NA,"1103452473086242816",NA,"<a href=\"http://twitter.com/download/android\" rel=\"nofollow\">Twitter for Android</a>","srsportaquatics",0,FALSE,FALSE,NA,NA
"68","Register here; Lightning Connecticut Future Stars #giving #kids #better #shot‚Ä¶",FALSE,0,NA,2019-03-07 00:00:22,TRUE,NA,"1103445244991979521",NA,"<a href=\"https://www.hootsuite.com\" rel=\"nofollow\">Hootsuite Inc.</a>","IslandGardenBB",0,FALSE,FALSE,NA,NA
"69","How 2 Get Representation For Ur Writing ‚úçüèª üß∏ #screenplay #screenwriter #writers #movie #film #Blockbuster #draft‚Ä¶",FALSE,2,NA,2019-03-06 22:54:12,TRUE,NA,"1103428597015031808",NA,"<a href=\"http://twitter.com/download/iphone\" rel=\"nofollow\">Twitter for iPhone</a>","marnietodavis",0,FALSE,FALSE,NA,NA
"70","#NewProfilePic #mygirl ready to take on the #world #strong #brave #beautiful #princess showing #monsoon how to real‚Ä¶",FALSE,1,NA,2019-03-06 22:52:30,TRUE,NA,"1103428165484064768",NA,"<a href=\"http://twitter.com/download/iphone\" rel=\"nofollow\">Twitter for iPhone</a>","jojo_jacks",0,FALSE,FALSE,NA,NA
"73","Schumer condemns Omar's 'wrong and hurtful' words -- then takes #shot at McConnell",FALSE,0,NA,2019-03-06 20:58:15,FALSE,NA,"1103399416155832320",NA,"<a href=\"http://newsinn.org\" rel=\"nofollow\">NewsInn.org</a>","NewsInnOfficial",0,FALSE,FALSE,NA,NA
"74","This is an insanely #great #golf #shot!",FALSE,0,NA,2019-03-06 20:41:29,FALSE,NA,"1103395195566022656",NA,"<a href=\"http://twitter.com/download/android\" rel=\"nofollow\">Twitter for Android</a>","JeffEsTake",0,FALSE,FALSE,NA,NA
"75","#Goodnight , #shot by @huete23 #photography #fotografia #foto #photo #blackandwhite #actor #singer #artist üí•‚Ä¶",FALSE,0,NA,2019-03-06 20:09:01,TRUE,NA,"1103387025779101697",NA,"<a href=\"http://instagram.com\" rel=\"nofollow\">Instagram</a>","sergyorey",0,FALSE,FALSE,"-3.68333","40.4"
"76","Sweet Natalia üñ§ . . @Laverbeke üî• for loreal_es üåü #portrait #blackandwhitehumansphotos #fashion #photography‚Ä¶",FALSE,0,NA,2019-03-06 20:06:56,TRUE,NA,"1103386503336656904",NA,"<a href=\"http://instagram.com\" rel=\"nofollow\">Instagram</a>","omarayyashi",0,FALSE,FALSE,NA,NA
"77","For more information go to . . #shot",FALSE,0,NA,2019-03-06 19:28:37,FALSE,NA,"1103376858400415744",NA,"<a href=\"http://instagram.com\" rel=\"nofollow\">Instagram</a>","URBANSPOTLITE",0,FALSE,FALSE,NA,NA
"78","Proud to be a part of this film!#johnfordactor #triplefrontier #charliehunnamstuntdouble #charliehunnam #ironhead‚Ä¶",FALSE,37,NA,2019-03-06 18:54:59,TRUE,NA,"1103368394693197824",NA,"<a href=\"http://twitter.com/download/android\" rel=\"nofollow\">Twitter for Android</a>","JohnFordActor",12,FALSE,FALSE,NA,NA
"80","Proud to be a part of this film!#johnfordactor #triplefrontier #charliehunnamstuntdouble #ironhead #lights #camera‚Ä¶",FALSE,1,NA,2019-03-06 18:44:41,TRUE,NA,"1103365800797319169",NA,"<a href=\"http://instagram.com\" rel=\"nofollow\">Instagram</a>","JohnFordActor",0,FALSE,FALSE,NA,NA
"81","Another #shot from the incredible @mikeshinoda yesterday in Hannover. The show was amazing! Who was there you guys?‚Ä¶",FALSE,0,NA,2019-03-06 18:28:28,TRUE,NA,"1103361723099242497",NA,"<a href=\"http://instagram.com\" rel=\"nofollow\">Instagram</a>","InSch1990",0,FALSE,FALSE,NA,NA
"82","1st clip of #new #video has been #shot! #vlog # 2 should be around the #corner! Let‚Äôs see some of my #city?!",FALSE,0,NA,2019-03-06 17:45:15,FALSE,NA,"1103350846107123712",NA,"<a href=\"http://twitter.com/download/iphone\" rel=\"nofollow\">Twitter for iPhone</a>","FrenchForrestt",0,FALSE,FALSE,NA,NA
"83","#GOODNIGHT SUNSET IN QUIET #HARBOR üòÄüì∑‚ù§Ô∏è #ISTRIA #CROATIA #planet #Earth #countryside #environment #heritage‚Ä¶",FALSE,75,NA,2019-03-06 17:44:03,TRUE,NA,"1103350543445966848",NA,"<a href=\"http://twitter.com\" rel=\"nofollow\">Twitter Web Client</a>","drago_karlo",14,FALSE,FALSE,NA,NA
"84","In the #gym #hooper #athlete #basketball #handles #lafitness #grindtime #atlanta #and1 #crossover #fitness #elite‚Ä¶",FALSE,0,NA,2019-03-06 17:21:13,TRUE,NA,"1103344796071010304",NA,"<a href=\"http://instagram.com\" rel=\"nofollow\">Instagram</a>","Mezmorize120",0,FALSE,FALSE,NA,NA
"85","Knowledge is Key #Shot #Up #Fortnite #XboxShare",FALSE,5,NA,2019-03-06 17:02:13,FALSE,NA,"1103340015721959427",NA,"<a href=\"http://www.xbox.com/en-US/\" rel=\"nofollow\">Xbox One Social</a>","viciouskill3rs",1,FALSE,FALSE,NA,NA
"86","üëê Handy Tip! üëê Hold your breath whilst taking the shot! Your body moves while inhaling or exhaling can move the #shot off target!",FALSE,0,NA,2019-03-06 17:01:33,FALSE,NA,"1103339848184877057",NA,"<a href=\"http://socialserver.net\" rel=\"nofollow\">SocialMediaServer</a>","ArmaLaser_Inc",0,FALSE,FALSE,NA,NA
"87","Join 13 people right now at \"Health coverage loses its booster shot after funding runs out for this media critic\"‚Ä¶",FALSE,0,NA,2019-03-06 17:01:04,TRUE,NA,"1103339724733726720",NA,"<a href=\"https://dlvrit.com/\" rel=\"nofollow\">dlvr.it</a>","tech_cheers",0,FALSE,FALSE,NA,NA
"89","Miss out on tickets to #Hamilton? Well here's your next #shot as we bring original Hamilton cast-member Leslie Odom‚Ä¶",FALSE,2,NA,2019-03-06 16:48:20,TRUE,NA,"1103336520289865728",NA,"<a href=\"https://www.hootsuite.com\" rel=\"nofollow\">Hootsuite Inc.</a>","DallasSymphony",0,FALSE,FALSE,NA,NA
"90","College Thursday starting March 14, @lounge_culture #thursday #friday #saturday #internationalspot #greensboro‚Ä¶",FALSE,0,NA,2019-03-06 16:40:57,TRUE,NA,"1103334666000572416",NA,"<a href=\"http://twitter.com/download/iphone\" rel=\"nofollow\">Twitter for iPhone</a>","lounge_culture",0,FALSE,FALSE,NA,NA
"91","#‚ÜëTV #Shot #Pub \"TRASH\" #Lap dance #Krokmitten feat Actrice ASW via @YouTube",FALSE,0,NA,2019-03-06 16:29:00,FALSE,NA,"1103331656776273921",NA,"<a href=\"http://twitter.com\" rel=\"nofollow\">Twitter Web Client</a>","ma3kro",0,FALSE,FALSE,NA,NA
"92","Texas #cop #shot by homeowner who thought it was an intruder",FALSE,0,NA,2019-03-06 16:02:59,FALSE,NA,"1103325108251299840",NA,"<a href=\"http://liberalforum.net\" rel=\"nofollow\">Liberal Forum Political Chat</a>","Liberal_Forum",0,FALSE,FALSE,NA,NA
"93","#Texas #Police #Officer #NathanHeidelberg Fatally #Shot After Responding to #Alarm",FALSE,0,NA,2019-03-06 15:16:37,FALSE,NA,"1103313440402300928",NA,"<a href=\"http://twitter.com\" rel=\"nofollow\">Twitter Web Client</a>","NYJusticeSeeker",0,FALSE,FALSE,NA,NA
"94","JotaEme Effect Shot #03 @JM_duokie P√°g. Facebook‚ÜíRAP Family Music Instagram‚Üí@rapfamilymusic + In the link of pr‚Ä¶",FALSE,3,NA,2019-03-06 15:05:15,TRUE,NA,"1103310581124206592",NA,"<a href=\"http://twitter.com/download/android\" rel=\"nofollow\">Twitter for Android</a>","rapfamilymusic",0,FALSE,FALSE,NA,NA
"95","#shot on my iPhone XS Max",FALSE,1,NA,2019-03-06 14:48:04,FALSE,NA,"1103306255160946691",NA,"<a href=\"http://twitter.com/download/iphone\" rel=\"nofollow\">Twitter for iPhone</a>","debasishrjkhowa",0,FALSE,FALSE,NA,NA
"96","What a great day it was today, can‚Äôt imagine how beautifully I enjoyed this day :) ‚Ä¢ ‚Ä¢ #prashna_aryal #instapic‚Ä¶",FALSE,0,NA,2019-03-06 14:43:31,TRUE,NA,"1103305109428035598",NA,"<a href=\"http://instagram.com\" rel=\"nofollow\">Instagram</a>","prashna_aryal",0,FALSE,FALSE,NA,NA
"97","World Record: Three Consecutive Hits At 2,118 Yards #shot #reloading",FALSE,0,NA,2019-03-06 14:03:33,FALSE,NA,"1103295053173186560",NA,"<a href=\"https://dlvrit.com/\" rel=\"nofollow\">dlvr.it</a>","predatorhunting",0,FALSE,FALSE,NA,NA
"98","New #shot üì∏ by @huete23 #giants #newyork #ny #urban #madrid #actor #singer #instaboy #photography #fotografia #foto‚Ä¶",FALSE,0,NA,2019-03-06 13:39:12,TRUE,NA,"1103288926075215873",NA,"<a href=\"http://instagram.com\" rel=\"nofollow\">Instagram</a>","sergyorey",0,FALSE,FALSE,"-3.68333","40.4"
"99","Keep fighting until the end. . . #pov #shot #shots #bestnatureshot #travelgram #adventure #quote #quotes‚Ä¶",FALSE,0,NA,2019-03-06 13:25:01,TRUE,NA,"1103285356743528449",NA,"<a href=\"http://instagram.com\" rel=\"nofollow\">Instagram</a>","natayehezkiel",0,FALSE,FALSE,NA,NA
"100","Nature üèñ Missing this amazing paradise ... #shot #beach #sky #ocean #summer #man #slim #shotoniphone6s #dayoff‚Ä¶",FALSE,0,NA,2019-03-06 12:15:06,TRUE,NA,"1103267759549489153",NA,"<a href=\"http://instagram.com\" rel=\"nofollow\">Instagram</a>","wesleywisenfath",0,FALSE,FALSE,"-48.61811","-26.07319"
"101","Whatever the specific conditions surrounding your #hunt, place your #shot with #CVLIFE #RifleScope Shop Now Rifle B‚Ä¶",FALSE,0,NA,2019-03-06 11:17:01,TRUE,NA,"1103253144396423168",NA,"<a href=\"http://twitter.com\" rel=\"nofollow\">Twitter Web Client</a>","Cvlife007",0,FALSE,FALSE,NA,NA
"102","Do you prefer to drink tequila in a smooth shot, margarita or sunrise cocktail? Whichever you choose, there is a wi‚Ä¶",FALSE,1,NA,2019-03-06 11:14:36,TRUE,NA,"1103252534301507584",NA,"<a href=\"http://twitter.com\" rel=\"nofollow\">Twitter Web Client</a>","theIWSC",1,FALSE,FALSE,NA,NA
"103","#another #shot #from #tahiti #island #longyears back #papete #frenchpolinesia #surfing #surf #paradise‚Ä¶",FALSE,1,NA,2019-03-06 11:06:38,TRUE,NA,"1103250529789136896",NA,"<a href=\"http://instagram.com\" rel=\"nofollow\">Instagram</a>","HirakuOgawa",1,FALSE,FALSE,NA,NA
"104","#lights #camera #action behind the scenes with @ViewpointBath @yeovalley great day getting lots of #yogurt #recipes‚Ä¶",FALSE,2,NA,2019-03-06 11:02:55,TRUE,NA,"1103249595860242432",NA,"<a href=\"http://instagram.com\" rel=\"nofollow\">Instagram</a>","ChefPaulCollins",0,FALSE,FALSE,"-2.7223683","51.3243655"
"105","#Actor In #Ape #Makup Helps #Setup a #Shot For #Planet of the #Apes #Zira #KimHunter #PlanetOfTheApes‚Ä¶",FALSE,0,NA,2019-03-06 10:56:36,TRUE,NA,"1103248003693973505",NA,"<a href=\"http://instagram.com\" rel=\"nofollow\">Instagram</a>","publicados01",0,FALSE,FALSE,NA,NA
"106","Planning the new month #theweekoninstagram #snoopy #moleskine #paracetamol #nerd #geek #peanuts #italy‚Ä¶",FALSE,0,NA,2019-03-06 10:54:42,TRUE,NA,"1103247528244371456",NA,"<a href=\"http://instagram.com\" rel=\"nofollow\">Instagram</a>","MattiaGalante",0,FALSE,FALSE,"13.88257","42.238701"
"107","lmao. every time I hear it I'm tweeting #shot",FALSE,1,"brownishhhh",2019-03-06 09:56:01,FALSE,"1103231420883972096","1103232760230174725","4821743081","<a href=\"http://twitter.com/download/android\" rel=\"nofollow\">Twitter for Android</a>","brownishhhh",0,FALSE,FALSE,NA,NA
"108","Architecture #architecturephotographer #architecturephotography #architecture #beauty #sunlight #photographyislife‚Ä¶",FALSE,0,NA,2019-03-06 09:46:02,TRUE,NA,"1103230244687958016",NA,"<a href=\"https://buffer.com\" rel=\"nofollow\">Buffer</a>","Taranwalia98",0,FALSE,FALSE,NA,NA
"109","It was Yumi's day today. Was funüëç #l4l #likeforfollow #instalike #instagood #instagram #best #shot #very #good‚Ä¶",FALSE,6,NA,2019-03-06 09:29:58,TRUE,NA,"1103226204021235713",NA,"<a href=\"http://instagram.com\" rel=\"nofollow\">Instagram</a>","h__miru0117",0,FALSE,FALSE,NA,NA
"110","Think the #flu #shot isn't worth it? Listen up!",FALSE,0,NA,2019-03-06 09:20:05,FALSE,NA,"1103223714404069377",NA,"<a href=\"https://www.hootsuite.com\" rel=\"nofollow\">Hootsuite Inc.</a>","StayYoungMedia",0,FALSE,FALSE,NA,NA
"111","#Photo #Photography #bnw #monochrome #blackandwhitephotography #Blackandwhite #monochromephotography‚Ä¶",FALSE,13,NA,2019-03-06 09:07:47,TRUE,NA,"1103220621872381957",NA,"<a href=\"http://twitter.com\" rel=\"nofollow\">Twitter Web Client</a>","David_Senabre_L",2,FALSE,FALSE,NA,NA
"112","#Update: #City #welcome #sign with islamist woman in hijab #shot #to #pieces by enraged Swedes",FALSE,1,NA,2019-03-06 09:05:22,FALSE,NA,"1103220011898818560",NA,"<a href=\"http://twitter.com\" rel=\"nofollow\">Twitter Web Client</a>","CornbreadWisdom",2,FALSE,FALSE,NA,NA
"113","#GOODMORNING NEAR THE #DRAVA RIVER üòÄüì∑‚ù§Ô∏èCITY OF #OSIJEK #CROATIA #planet #Earth #countryside #environment #heritage‚Ä¶",FALSE,46,NA,2019-03-06 07:38:15,TRUE,NA,"1103198088079003648",NA,"<a href=\"http://twitter.com\" rel=\"nofollow\">Twitter Web Client</a>","drago_karlo",6,FALSE,FALSE,NA,NA
"114","\"Glowing symbol of justice\" - #sunset #shot #supreme #court #cambodia #phnompenh #justice #royalcastle",FALSE,0,NA,2019-03-06 07:23:19,FALSE,NA,"1103194331534540800",NA,"<a href=\"http://instagram.com\" rel=\"nofollow\">Instagram</a>","askdrz",0,FALSE,FALSE,NA,NA
"115","EXCLUSIVE: #Philadelphia #attorney recovering after getting #shot in botched #robbery via @6abc",FALSE,0,NA,2019-03-06 06:01:06,FALSE,NA,"1103173641569734656",NA,"<a href=\"http://twitter.com/download/android\" rel=\"nofollow\">Twitter for Android</a>","Travelaviator",1,FALSE,FALSE,NA,NA
"116","Time for tea shot Tuesday! #diageorep #smirnoff #vodka #whitetea #shot #tuesday #drinks #cocktails #bar‚Ä¶",FALSE,1,NA,2019-03-06 04:58:27,TRUE,NA,"1103157875319410689",NA,"<a href=\"http://twitter.com/download/iphone\" rel=\"nofollow\">Twitter for iPhone</a>","Spirits_IQ",0,FALSE,FALSE,NA,NA
"117","@PowergripSport Rankings: Arnold Palmer Invitational @Arnold #TigerWoods #PGATour #Golf #GOAT #mygameneedsthis‚Ä¶",FALSE,2,"PowergripSport",2019-03-06 04:38:04,TRUE,NA,"1103152744901328898","794549226831314944","<a href=\"http://twitter.com\" rel=\"nofollow\">Twitter Web Client</a>","AwesomeGolfers",0,FALSE,FALSE,NA,NA
"118","üö®üî•üêêIs the second summer of üêÖTiger Woods' career over?üö®üî•üêê Comment Below With Using Emoji! üëÄ‚õ≥Ô∏èüèåÔ∏è‚Äç‚ôÇÔ∏èüëÄ‚õ≥Ô∏èüèåÔ∏è‚Äç‚ôÇÔ∏è‚Ä¶",FALSE,2,NA,2019-03-06 04:35:59,TRUE,NA,"1103152220621680641",NA,"<a href=\"http://twitter.com\" rel=\"nofollow\">Twitter Web Client</a>","AwesomeGolfers",0,FALSE,FALSE,NA,NA
"119","All American Gangster In Iraq... ese fool native East Side L.A. #gang #rap #hiphop #music #follow #love #trap‚Ä¶",FALSE,2,NA,2019-03-06 04:09:09,TRUE,NA,"1103145468555476992",NA,"<a href=\"http://instagram.com\" rel=\"nofollow\">Instagram</a>","alexscandelario",0,FALSE,FALSE,NA,NA
"120","Something New... üé∂üìù #style #mall #starbucks #longboard #relax #mcm #lifestyle #photooftheday #yeah #shot‚Ä¶",FALSE,1,NA,2019-03-06 03:49:07,TRUE,NA,"1103140427597836288",NA,"<a href=\"http://instagram.com\" rel=\"nofollow\">Instagram</a>","hitch_sam94",0,FALSE,FALSE,NA,NA
"121","#U.N. Finds #Israel #Intentionally #Shot #Children, #Journalists &amp; the #Disabled During #Gaza #Protests‚Ä¶",FALSE,0,NA,2019-03-06 03:31:26,TRUE,NA,"1103135975616712704",NA,"<a href=\"http://twitter.com\" rel=\"nofollow\">Twitter Web Client</a>","Lady_Nyla",0,FALSE,FALSE,NA,NA
"122","as @iPromoNaija @hitz that are @NOTJUSTOK but @superb I @give a @naijareview of this‚Ä¶",FALSE,0,NA,2019-03-06 00:35:09,TRUE,NA,"1103091613574852608",NA,"<a href=\"http://twitter.com/download/android\" rel=\"nofollow\">Twitter for Android</a>","SLsFinestTM",4,FALSE,FALSE,NA,NA
"125","Which one is your shot placement? #lethal #alwayslethal #shot #pick #placement #deerhunting #bowhunting #deerseason",FALSE,23,NA,2019-03-06 00:17:37,FALSE,NA,"1103087201720643591",NA,"<a href=\"http://twitter.com/download/iphone\" rel=\"nofollow\">Twitter for iPhone</a>","LethalProds",5,FALSE,FALSE,NA,NA
"126","#Creative_Nougat #Failure is hard to stomach because of how it feels to fail however, you can't dwell on the‚Ä¶",FALSE,1,NA,2019-03-06 00:05:10,TRUE,NA,"1103084068164591616",NA,"<a href=\"https://www.hootsuite.com\" rel=\"nofollow\">Hootsuite Inc.</a>","create2control",1,FALSE,FALSE,NA,NA
"127","Ordinary #people owning #dangerous #wild #animals should be absolutely banned #globally. The #Lion &amp; #lioness then‚Ä¶",FALSE,1,NA,2019-03-05 23:55:55,TRUE,NA,"1103081737679224833",NA,"<a href=\"http://twitter.com\" rel=\"nofollow\">Twitter Web Client</a>","GETAnalysis",2,FALSE,FALSE,NA,NA
"128","#Iditarod2019 How many #dogs will die for human entertainment? How many will be #shot or #chained outside to suffer‚Ä¶",FALSE,0,NA,2019-03-05 23:40:16,TRUE,NA,"1103077798942367744",NA,"<a href=\"http://twitter.com/download/iphone\" rel=\"nofollow\">Twitter for iPhone</a>","elle_v__",0,FALSE,FALSE,NA,NA
"129","When life gets hard, always remember... #tequila #tequilatuesday #life #remember #shot #shotoftequila‚Ä¶",FALSE,0,NA,2019-03-05 22:45:05,TRUE,NA,"1103063914068303872",NA,"<a href=\"http://instagram.com\" rel=\"nofollow\">Instagram</a>","tammytatsch",0,FALSE,FALSE,NA,NA
"130","#LIT üî•üî•üî• #SHOT &amp; #EDITED BY @SKULLIOSO üí™üèΩüí™üèΩüí™üèΩüé¨üé¨üé¨ ON #YOUTUBE OR GO TO üöÄüöÄüöÄ #CANTBANDAREAL‚Ä¶",FALSE,0,NA,2019-03-05 22:05:32,TRUE,NA,"1103053960808710145",NA,"<a href=\"http://instagram.com\" rel=\"nofollow\">Instagram</a>","MRNICKELCITY",0,FALSE,FALSE,NA,NA
"131","Another #shot of me during the #SharePoint and #Office365 #Apps #Event At #Microsoft Hellas. It was a very tiring w‚Ä¶",FALSE,0,NA,2019-03-05 22:02:36,TRUE,NA,"1103053220052692993",NA,"<a href=\"http://instagram.com\" rel=\"nofollow\">Instagram</a>","GeorgiaKalyva",0,FALSE,FALSE,NA,NA
"132","Post üíã lashes#lips#darklips#post#maquillage #maquiagem #ŸÖÿßŸÉŸäÿßÿ¨# #ÿ¨ŸÖÿßŸÑ#ÿπÿ±ÿ® #daily#insta#instadaily#makeup#makeupadd‚Ä¶",FALSE,1,NA,2019-03-05 20:58:36,TRUE,NA,"1103037116475428865",NA,"<a href=\"http://instagram.com\" rel=\"nofollow\">Instagram</a>","LuyannaB",0,FALSE,FALSE,NA,NA
"133","#muse @thatkookie #shot at my office.... #georgechemas_photography #nofilterneeded @ Weehawken, New Jersey",FALSE,0,NA,2019-03-05 20:48:39,FALSE,NA,"1103034611871989762",NA,"<a href=\"http://instagram.com\" rel=\"nofollow\">Instagram</a>","GeorgeChemas",0,FALSE,FALSE,NA,NA
"134","Manhattan from Brooklyn . #photo #photographer #photography #photos #photooftheday#photographe #minimalistic ‚Ä¶",FALSE,1,NA,2019-03-05 20:48:00,TRUE,NA,"1103034448914706432",NA,"<a href=\"https://ifttt.com\" rel=\"nofollow\">IFTTT</a>","TheSQuirBy",0,FALSE,FALSE,NA,NA
"135","Its really says ‚ÄúHit me with your best shot‚Äùü•äü•ä ‚Ä¢ ‚Ä¢ ‚Ä¢ ‚Ä¢ ‚Ä¢ #hit #me #with #your #best #shot #hitmewithyourbestshot‚Ä¶",FALSE,0,NA,2019-03-05 20:23:40,TRUE,NA,"1103028325214121984",NA,"<a href=\"http://instagram.com\" rel=\"nofollow\">Instagram</a>","reivay1",0,FALSE,FALSE,"-97.7475","30.2677"
"136","Rocky cliffs on the blue sea . . . #liguria #liguriagram #liguriansea #ligurian_places #lerici #cinqueterre‚Ä¶",FALSE,0,NA,2019-03-05 20:20:29,TRUE,NA,"1103027524739555328",NA,"<a href=\"http://instagram.com\" rel=\"nofollow\">Instagram</a>","nicolorigo",0,FALSE,FALSE,"9.90999","44.07609"
"137","#California Attorney General #XavierBecerra will not two charge #officers who #shot and #killed #StephonClark: \"No‚Ä¶",FALSE,0,NA,2019-03-05 20:16:14,TRUE,NA,"1103026453636104192",NA,"<a href=\"http://twitter.com\" rel=\"nofollow\">Twitter Web Client</a>","NYJusticeSeeker",0,FALSE,FALSE,NA,NA
"138","My weed man just left and he was tripping on shrooms and thought he saw a mountain lion in my living room #shot",FALSE,6,NA,2019-03-05 20:14:21,FALSE,NA,"1103025979226841088",NA,"<a href=\"http://twitter.com/download/iphone\" rel=\"nofollow\">Twitter for iPhone</a>","avanatalia_",0,FALSE,FALSE,NA,NA
"139","#CDC Admits New #Flu #Shot #Protects #Less Than 1 in 4",FALSE,0,NA,2019-03-05 19:28:16,FALSE,NA,"1103014383939129350",NA,"<a href=\"http://twitter.com/download/iphone\" rel=\"nofollow\">Twitter for iPhone</a>","klonokid",0,FALSE,FALSE,NA,NA
"140","Day 5 of #MarchMeetTheMaker - Detail/Close-Up! Here‚Äôs a #closeup #shot of the cute #puppy #pet #portrait I‚Äôm‚Ä¶",FALSE,2,NA,2019-03-05 19:26:21,TRUE,NA,"1103013898637246464",NA,"<a href=\"http://twitter.com/download/iphone\" rel=\"nofollow\">Twitter for iPhone</a>","markit_with_a_b",0,FALSE,FALSE,NA,NA
"141","#hip #shot ~ #shot from my #hip #blackandwhitephotography",FALSE,5,NA,2019-03-05 19:25:34,FALSE,NA,"1103013704071856128",NA,"<a href=\"http://twitter.com/download/android\" rel=\"nofollow\">Twitter for Android</a>","AG_Exposed",1,FALSE,FALSE,NA,NA
"142","FLOWERS in the room #carpetsoftheforgotten #contemporarypainting #hotelroom #interior #shot #downtown #losangeles @‚Ä¶",FALSE,0,NA,2019-03-05 19:17:16,TRUE,NA,"1103011614415093769",NA,"<a href=\"http://instagram.com\" rel=\"nofollow\">Instagram</a>","hschmidhuber",0,FALSE,FALSE,NA,NA
"144","ARROW!!! The #arrow has become a #symbol of importance to me lately. I may be being pulled backwards right now bu‚Ä¶",FALSE,2,NA,2019-03-05 18:11:49,TRUE,NA,"1102995143332835328",NA,"<a href=\"http://instagram.com\" rel=\"nofollow\">Instagram</a>","pwcoachbridge",0,FALSE,FALSE,NA,NA
"145","#unbelievable #Shot of a #humpbackwhale #Surfacing by a #Boat #Beautiful #Creature #Ocean #Sea #Whale #Nature‚Ä¶",FALSE,1,NA,2019-03-05 18:04:20,TRUE,NA,"1102993261424082945",NA,"<a href=\"http://instagram.com\" rel=\"nofollow\">Instagram</a>","FreeSeedFilms",0,FALSE,FALSE,NA,NA
"146","Nigeria: 2 suspected armed #robbers #shot #dead by police in #Enugu",FALSE,0,NA,2019-03-05 17:59:52,FALSE,NA,"1102992135735910401",NA,"<a href=\"https://www.hootsuite.com\" rel=\"nofollow\">Hootsuite Inc.</a>","EsiscTeam",0,FALSE,FALSE,NA,NA
"147","2nd #dribbble #shot. if you like #design this please visit my #dribbble profile for more:",FALSE,2,NA,2019-03-05 17:47:10,TRUE,NA,"1102988938786922496",NA,"<a href=\"https://mobile.twitter.com\" rel=\"nofollow\">Twitter Web App</a>","m_anwar_007",0,FALSE,FALSE,NA,NA
"148","#Pochards...Or should it be a #double #shot of #redeye, LOL.",FALSE,56,NA,2019-03-05 17:39:45,FALSE,NA,"1102987071663366144",NA,"<a href=\"https://mobile.twitter.com\" rel=\"nofollow\">Twitter Web App</a>","MaliHalls",5,FALSE,FALSE,NA,NA
"149","Achieving the perfect #shot is 50% #mental picture, 40% #setup and 10% #swing. #Golf #Stance",FALSE,0,NA,2019-03-05 17:00:07,FALSE,NA,"1102977098766004224",NA,"<a href=\"https://buffer.com\" rel=\"nofollow\">Buffer</a>","OjeeGolf",1,FALSE,FALSE,NA,NA
"150","Get A(K) Grip: New TangoDown AKOE Battlegrip #handgun #shot",FALSE,0,NA,2019-03-05 16:40:03,FALSE,NA,"1102972047699861504",NA,"<a href=\"https://dlvrit.com/\" rel=\"nofollow\">dlvr.it</a>","predatorhunting",0,FALSE,FALSE,NA,NA
"151","A six-year-old boy and a man transporting him on a motorcycle were shot and killed in St. James Monday, March 4. De‚Ä¶",FALSE,0,NA,2019-03-05 16:30:09,TRUE,NA,"1102969558061727745",NA,"<a href=\"https://sproutsocial.com\" rel=\"nofollow\">Sprout Social</a>","MyJamaicaToday",0,FALSE,FALSE,NA,NA
"152","#kidepo national game park has one of the largest herd of baffaloes of up to 2,000 herds. #shot taken during‚Ä¶",FALSE,12,NA,2019-03-05 16:27:40,TRUE,NA,"1102968933018226688",NA,"<a href=\"http://twitter.com/download/android\" rel=\"nofollow\">Twitter for Android</a>","KemptenSafaris",6,FALSE,FALSE,NA,NA
"153","Soo horny. Someone slide into my DMs &amp; cum with me. Like, retweet, &amp; I‚Äôll respond ü§™üçí #titworship #shot #libido‚Ä¶",FALSE,3,NA,2019-03-05 16:25:46,TRUE,NA,"1102968455073026049",NA,"<a href=\"http://twitter.com\" rel=\"nofollow\">Twitter Web Client</a>","DTrvasty",2,FALSE,FALSE,NA,NA
"154","Visual coming soon !! #crunchchief #shot #visual #music #ohio #fam #ovalli44",FALSE,2,NA,2019-03-05 16:08:32,FALSE,NA,"1102964118242377731",NA,"<a href=\"http://twitter.com/download/iphone\" rel=\"nofollow\">Twitter for iPhone</a>","CrunchChief419",2,FALSE,FALSE,NA,NA
"156","8 Seconds Mini Liquor Bottle Shot Glasses #8seconds #mini #liquor #whisky #whiskey #shot #Canadian #drinks #glass‚Ä¶",FALSE,0,NA,2019-03-05 15:43:09,TRUE,NA,"1102957729247711232",NA,"<a href=\"http://twitter.com/download/iphone\" rel=\"nofollow\">Twitter for iPhone</a>","sundeejo2002",0,FALSE,FALSE,NA,NA
"158","The wait for indie footage for your next filmmaking project is over. #stockfootage #filmmakers #editor #film‚Ä¶",FALSE,0,NA,2019-03-05 15:27:28,TRUE,NA,"1102953784378982401",NA,"<a href=\"https://mobile.twitter.com\" rel=\"nofollow\">Twitter Web App</a>","ConnectMudart",0,FALSE,FALSE,NA,NA
"159","‚ò¢Ô∏è‚ò¢Ô∏è . . . . . . . . . . . . . . . . #selfie #mirrorselfie #mirror #marble #creative #shot #sony #camera‚Ä¶",FALSE,1,NA,2019-03-05 15:20:31,TRUE,NA,"1102952034356154368",NA,"<a href=\"http://instagram.com\" rel=\"nofollow\">Instagram</a>","Muostafasamy",0,FALSE,FALSE,"31.23071216","29.98346908"
"160","Work in progress ‚úåüèª üêÇ ‚úåüèª #bbq #grill #beef #love #beautiful #bestoftheday #photography #shot #bbqlovers‚Ä¶",FALSE,1,NA,2019-03-05 15:07:15,TRUE,NA,"1102948697749377024",NA,"<a href=\"http://instagram.com\" rel=\"nofollow\">Instagram</a>","DG_Bombino",0,FALSE,FALSE,NA,NA
"161","Early #morning #shot #teampixel #Pixel3 #mobilephotography",FALSE,2,NA,2019-03-05 13:29:30,FALSE,NA,"1102924097913323521",NA,"<a href=\"http://twitter.com/download/android\" rel=\"nofollow\">Twitter for Android</a>","tweetin_dave",1,FALSE,FALSE,NA,NA
"162","#back on it üíØüíØüî•üî• #One #Minute produced by @ProducerDBottz &amp; #shot &amp; #directed by Kidricc James 4 dot4mediagroup üé¨‚Ä¶",FALSE,0,NA,2019-03-05 13:24:14,TRUE,NA,"1102922770713739264",NA,"<a href=\"http://instagram.com\" rel=\"nofollow\">Instagram</a>","mrkaila",0,FALSE,FALSE,NA,NA
"163","Next #Marvel action #film 'could be #shot in #Suffolk #EastAnglia'",FALSE,0,NA,2019-03-05 12:54:36,FALSE,NA,"1102915312612200449",NA,"<a href=\"http://app.sendblur.com\" rel=\"nofollow\">Social Media Publisher App </a>","hart_softeners",0,FALSE,FALSE,NA,NA
"164","A Snapshot helped the less busy secondsüíù #shot #shots #cam #camera #photography #simple #simply #nice #shotonshot‚Ä¶",FALSE,1,NA,2019-03-05 12:43:02,TRUE,NA,"1102912402356649988",NA,"<a href=\"http://instagram.com\" rel=\"nofollow\">Instagram</a>","VJTwtitch",1,FALSE,FALSE,NA,NA
"165","Another practice of my #photography #skills - #tresmarias #shadow #shot . üì∑üë©‚Äçüëß‚Äçüëßüì± #unfiltered #noedit",FALSE,3,NA,2019-03-05 12:25:54,FALSE,NA,"1102908089257213952",NA,"<a href=\"http://twitter.com/download/android\" rel=\"nofollow\">Twitter for Android</a>","mariavenusver",0,FALSE,FALSE,NA,NA
"166","DAY 47... NO SEXüò≤... MY LAST BLUNT üî•üí®&amp; A SHOT of HENNESSEY ü•É I'M RUNNING OUT OF AIR üòß just know CITYLIFE was EVERYT‚Ä¶",FALSE,0,NA,2019-03-05 10:29:19,TRUE,NA,"1102878753330388992",NA,"<a href=\"http://instagram.com\" rel=\"nofollow\">Instagram</a>","CITYLIFE313",0,FALSE,FALSE,NA,NA
"167","A photograph of a pink flower taken during a sunny day. #Photo #Free #Download #Shot",FALSE,5,NA,2019-03-05 09:36:55,FALSE,NA,"1102865563586621442",NA,"<a href=\"http://twitter.com\" rel=\"nofollow\">Twitter Web Client</a>","visualmodo",4,FALSE,FALSE,NA,NA
"168","Model : @alexkalumo Photographer : @josechinangwa #CashBshotIt #Shot #Suits #Cleanshot #Dedza #Malawi",FALSE,1,NA,2019-03-05 09:11:28,FALSE,NA,"1102859160163622912",NA,"<a href=\"https://mobile.twitter.com\" rel=\"nofollow\">Twitter Web App</a>","josechinangwa",0,FALSE,FALSE,NA,NA
"169","How To Use #foodanddrink #Spirits Pairings to Boost #Restaurant Profitability? What could be the better way to incr‚Ä¶",FALSE,0,NA,2019-03-05 06:15:01,TRUE,NA,"1102814754450694145",NA,"<a href=\"https://buffer.com\" rel=\"nofollow\">Buffer</a>","bartendbusiness",1,FALSE,FALSE,NA,NA
"170","UN Finds #Israel INTENTIONALLY #Shot CHILDREN, Journalists and #Disabled People via @truthout",FALSE,0,NA,2019-03-05 06:12:33,FALSE,NA,"1102814132573798401",NA,"<a href=\"http://twitter.com/download/android\" rel=\"nofollow\">Twitter for Android</a>","redhed67",1,FALSE,FALSE,NA,NA
"171","U.N. Finds #Israel Intentionally #Shot #Children, #Journalists &amp; the #Disabled During Gaza Protests",FALSE,0,NA,2019-03-05 05:59:59,FALSE,NA,"1102810971393937408",NA,"<a href=\"http://www.facebook.com/twitter\" rel=\"nofollow\">Facebook</a>","OWDC1",0,FALSE,FALSE,NA,NA
"172","Always good for a #shot ü§™ #Hammer #night #badzwischenahn #hellhead #hellheadhorde #deanguitars #hammerschnaps‚Ä¶",FALSE,1,NA,2019-03-05 05:55:06,TRUE,NA,"1102809742806867968",NA,"<a href=\"http://instagram.com\" rel=\"nofollow\">Instagram</a>","RisingHellhead",1,FALSE,FALSE,NA,NA
"175","#AD NEW SHIT‚ÄºÔ∏è @Thefamousar ‚ÄúBig Dog‚Äù üêï #shot by üìΩüéû @tsimsfilms üí™üèΩ #OUTNOW‚ÄºÔ∏è Make Sure y‚Äôall check it out on‚Ä¶",FALSE,1,NA,2019-03-05 05:36:43,TRUE,NA,"1102805116032376833",NA,"<a href=\"http://twitter.com/download/iphone\" rel=\"nofollow\">Twitter for iPhone</a>","DjTechno7",0,FALSE,FALSE,NA,NA
"176","üö®Breaking Newsüö®: Tiger Woods withdraws from @apinv sighting a neck strain. Hopes to be well enough in order to play‚Ä¶",FALSE,2,NA,2019-03-05 05:05:08,TRUE,NA,"1102797166895120384",NA,"<a href=\"http://twitter.com\" rel=\"nofollow\">Twitter Web Client</a>","AwesomeGolfers",0,FALSE,FALSE,NA,NA
"177","When they tell you you shouldn‚Äôt take that last #shot. ü§∑‚Äç‚ôÇÔ∏è",FALSE,2,NA,2019-03-05 02:40:35,FALSE,NA,"1102760791323885568",NA,"<a href=\"http://twitter.com/download/iphone\" rel=\"nofollow\">Twitter for iPhone</a>","thegalecomic",1,FALSE,FALSE,NA,NA
"178","Caught a cool picture one night. Photo editing is still my favorite relaxing thing to do. üì∏üî• . . . . . . . . #shot‚Ä¶",FALSE,0,NA,2019-03-05 02:21:38,TRUE,NA,"1102756022576467968",NA,"<a href=\"http://instagram.com\" rel=\"nofollow\">Instagram</a>","stuckonbreepeat",0,FALSE,FALSE,NA,NA
"179","Lunchbreak @wentworth_galleries - Open Daily 10-6pm #wentworthgalleries #sneakpeak #shot #martinplace #artgallery‚Ä¶",FALSE,1,NA,2019-03-05 02:12:48,TRUE,NA,"1102753800631316480",NA,"<a href=\"https://ifttt.com\" rel=\"nofollow\">IFTTT</a>","art_australia",0,FALSE,FALSE,NA,NA
"180","Wideshot at the Library.#FOC #wideshot #shooting #shootout #shot #library #manhattanview #42ndstreet #",FALSE,0,NA,2019-03-05 02:09:49,FALSE,NA,"1102753047279820802",NA,"<a href=\"http://instagram.com\" rel=\"nofollow\">Instagram</a>","pastorsdwjr",0,FALSE,FALSE,NA,NA
"181","Just dropping by to see how y‚Äôall are... have you heard my latest? Hit the links! üì∑: josrivx #ethos #droppingby‚Ä¶",FALSE,0,NA,2019-03-05 02:04:24,TRUE,NA,"1102751684298711040",NA,"<a href=\"http://instagram.com\" rel=\"nofollow\">Instagram</a>","akaethosmusic",0,FALSE,FALSE,NA,NA
"182","POTD: ‚ÄùYou can feel it in your body‚Äù #training #shot",FALSE,0,NA,2019-03-05 01:34:35,FALSE,NA,"1102744179925430272",NA,"<a href=\"https://dlvrit.com/\" rel=\"nofollow\">dlvr.it</a>","predatorhunting",0,FALSE,FALSE,NA,NA
"183","#Shot check out the acoustic rendition of @loganbrillmusic new single #WalkOfShame:",FALSE,0,NA,2019-03-05 00:44:04,FALSE,NA,"1102731469808525312",NA,"<a href=\"http://twitter.com\" rel=\"nofollow\">Twitter Web Client</a>","MorningHangover",0,FALSE,FALSE,NA,NA
"184","#AD NEW SHIT‚ÄºÔ∏è @thefamousar_ ‚ÄúBig Dog‚Äù üêï #shot by üìΩüéû @tsimsfilms üí™üèΩ #OUTNOW‚ÄºÔ∏è Make Sure y‚Äôall check it out on‚Ä¶",FALSE,0,NA,2019-03-04 23:39:24,TRUE,NA,"1102715194051055616",NA,"<a href=\"http://www.facebook.com/twitter\" rel=\"nofollow\">Facebook</a>","Thefamousar",0,FALSE,FALSE,NA,NA
"185","#BTS for my latest record, #SpendtheNight ft @ritamonee &amp; then my earring fell üòÇ... If you haven‚Äôt heard it yet, cl‚Ä¶",FALSE,1,NA,2019-03-04 23:33:29,TRUE,NA,"1102713704527867905",NA,"<a href=\"http://www.facebook.com/twitter\" rel=\"nofollow\">Facebook</a>","EVYsings",0,FALSE,FALSE,NA,NA
"186","Looking so tired but I was still so happy üòÅ #shot #man #airport #happy #dreaming #somedaysago #shotoniphone6s‚Ä¶",FALSE,1,NA,2019-03-04 23:20:15,TRUE,NA,"1102710374292426752",NA,"<a href=\"http://instagram.com\" rel=\"nofollow\">Instagram</a>","wesleywisenfath",1,FALSE,FALSE,"-51.15689331","-23.32582015"
"187","Another #Sunrail shot! üöû * * * * * * #railroad #train #trains #trainstation #rail #railway #bandorebelz #metro‚Ä¶",FALSE,0,NA,2019-03-04 23:12:58,TRUE,NA,"1102708543361290240",NA,"<a href=\"http://instagram.com\" rel=\"nofollow\">Instagram</a>","OrlandoUnplugg1",0,FALSE,FALSE,"-81.63166667","28.13333333"
"188","Me, myself and I. #me #myself #selfie #SelfieSunday #selfies #picoftheday #photo #photograph #photography‚Ä¶",FALSE,4,NA,2019-03-04 22:48:20,TRUE,NA,"1102702344112914432",NA,"<a href=\"http://twitter.com/download/iphone\" rel=\"nofollow\">Twitter for iPhone</a>","iamthewolves",0,FALSE,FALSE,NA,NA
"189",". Happy Birthday @yiraboreanaz #birthday #birthdaygirl #shotcountrymusic #shot #sing #singer #vocal #vocalist‚Ä¶",FALSE,4,NA,2019-03-04 21:37:02,TRUE,NA,"1102684399613763586",NA,"<a href=\"http://twitter.com/download/android\" rel=\"nofollow\">Twitter for Android</a>","shot_country",1,FALSE,FALSE,NA,NA
"190","Check out my new video! Don't forget to like, comment, subscribe and share! Love you all, k thanks bye!‚Ä¶",FALSE,2,NA,2019-03-04 21:13:54,TRUE,NA,"1102678579412955136",NA,"<a href=\"http://twitter.com\" rel=\"nofollow\">Twitter Web Client</a>","ErikBodas_",0,FALSE,FALSE,NA,NA
"191","21 of 1,021 #pics in my #phone, 1,000 left! At the #hotel in #Michigan, #omg what a #horrible #shot! Where‚Äôs my‚Ä¶",FALSE,2,NA,2019-03-04 19:55:05,TRUE,NA,"1102658744364793856",NA,"<a href=\"http://twitter.com/download/iphone\" rel=\"nofollow\">Twitter for iPhone</a>","VanessaS2hart",0,FALSE,FALSE,NA,NA
"192","Hit me with your best shot!!ü•ä ü•äü•ä ‚Ä¢ ‚Ä¢ ‚Ä¢ ‚Ä¢ #hit #me #with #your #best #shot #hitmewithyourbestshot #pink #boxing‚Ä¶",FALSE,0,NA,2019-03-04 19:00:16,TRUE,NA,"1102644947734417408",NA,"<a href=\"http://instagram.com\" rel=\"nofollow\">Instagram</a>","reivay1",1,FALSE,FALSE,"-97.7475","30.2677"
"193","here is a #shot of wiilreyes wearing the #long #sleeve #desert #shirt. hitechmoda dkdesignfashion",FALSE,0,NA,2019-03-04 18:42:04,FALSE,NA,"1102640369240485888",NA,"<a href=\"http://instagram.com\" rel=\"nofollow\">Instagram</a>","juliz195",0,FALSE,FALSE,NA,NA
"194","No Scope :) #Fortnite #Sniper #yena #Shot #PS4share",FALSE,3,NA,2019-03-04 17:59:35,FALSE,NA,"1102629676479119360",NA,"<a href=\"http://www.playstation.com\" rel=\"nofollow\">PlayStation(R)4</a>","fedelill8",0,FALSE,FALSE,NA,NA
"195","The speed of the Spanish üá™üá∏üéæüì∏ . . . #rafa #nadal #rafanadal #spain #niketennis #spanish #blur #shot #serve #tennis‚Ä¶",FALSE,0,NA,2019-03-04 17:50:41,TRUE,NA,"1102627435869286402",NA,"<a href=\"http://instagram.com\" rel=\"nofollow\">Instagram</a>","UKTennisMag",0,FALSE,FALSE,NA,NA
"196","#MondaySelfie #Mirrorselfie #FOTD #fun #funky #shot ‚òÅÔ∏èüòé #OOTD : #hellokitty #shirt X #light #blue #shorts X #black‚Ä¶",FALSE,0,NA,2019-03-04 17:09:15,TRUE,NA,"1102617011916402688",NA,"<a href=\"http://twitter.com/download/iphone\" rel=\"nofollow\">Twitter for iPhone</a>","milky_carly",0,FALSE,FALSE,NA,NA
"197","ruth.broder.ginsburg #johnnycash #portrait #progress #shot from a while back, and never posted... ##skaercity‚Ä¶",FALSE,1,NA,2019-03-04 17:00:30,TRUE,NA,"1102614809441419264",NA,"<a href=\"http://instagram.com\" rel=\"nofollow\">Instagram</a>","skaer_city",0,FALSE,FALSE,NA,NA
"198","In fact, my soul and yours are the same, You appear in me, I in you, We hide in each other..... :~)Rumi #sunset_ig‚Ä¶",FALSE,0,NA,2019-03-04 16:31:37,TRUE,NA,"1102607540456570880",NA,"<a href=\"http://instagram.com\" rel=\"nofollow\">Instagram</a>","roserebina",0,FALSE,FALSE,NA,NA
"199","#cops who fatally #shot Stephon Clark, an unarmed black man, last year will not face criminal charges",FALSE,0,NA,2019-03-04 15:57:10,FALSE,NA,"1102598869744082944",NA,"<a href=\"http://liberalforum.net\" rel=\"nofollow\">Liberal Forum Political Chat</a>","Liberal_Forum",0,FALSE,FALSE,NA,NA
"200","#muse @thatkookie #shot at my office........ #georgechemas_photography #nofilterneeded @ Weehawken, New Jersey",FALSE,0,NA,2019-03-04 15:57:00,FALSE,NA,"1102598829642117121",NA,"<a href=\"http://instagram.com\" rel=\"nofollow\">Instagram</a>","GeorgeChemas",0,FALSE,FALSE,NA,NA
"201","@djsliming @kooSebor @Pure957fm I love my country Ghana I luv #celeb beefs @shattawalegh x @popeskinnyGH Am y‚Ä¶",FALSE,5,"djsliming",2019-03-04 15:50:58,TRUE,NA,"1102597310142398467","255410606","<a href=\"http://twitter.com/download/android\" rel=\"nofollow\">Twitter for Android</a>","NanaYawAnsong1",4,FALSE,FALSE,NA,NA
"202","@presidentaz üì¢PLS #SHUT #DOWN SUCH INSUITABLE #CHANNEL THAT #WORK AGAINS THE #GOVERNMENT TH‚Ä¶",FALSE,5,"presidentaz",2019-03-04 15:46:43,TRUE,NA,"1102596239206559744","143742312","<a href=\"http://twitter.com\" rel=\"nofollow\">Twitter Web Client</a>","renders_carla",12,FALSE,FALSE,NA,NA
"203","My back to #Long #Island #Sound and then that DAMN HOT TEACHER!! with the #RED #Hair. Sorry I can do this today. My‚Ä¶",FALSE,0,"FetishSix",2019-03-04 14:47:59,TRUE,"1102581460391866369","1102581461146836993","16812077","<a href=\"http://twitter.com\" rel=\"nofollow\">Twitter Web Client</a>","FetishSix",0,FALSE,FALSE,NA,NA
"204","Here @ Village Green... üçªüòÅ‚úå #Shot #AfterDuty #AntokMuch",FALSE,0,NA,2019-03-04 14:36:42,FALSE,NA,"1102578618096443397",NA,"<a href=\"http://twitter.com/download/android\" rel=\"nofollow\">Twitter for Android</a>","Dodz19786814",0,FALSE,FALSE,NA,NA
"205","Dude?!?! @Muit0z @BlackEspanolito #shot #CSGO #jumpshot #epic",FALSE,0,NA,2019-03-04 14:26:10,FALSE,NA,"1102575967762108416",NA,"<a href=\"http://twitter.com/download/android\" rel=\"nofollow\">Twitter for Android</a>","BloodyPron1x",1,FALSE,FALSE,NA,NA
"206","Shots with Soju #rupaulsdragrace #RupaulsDragRaceSeason11 #soju #cyst #shot #rupaul @shotwithsoju Ps sorry I had‚Ä¶",FALSE,22,NA,2019-03-04 12:58:46,TRUE,NA,"1102553974496845826",NA,"<a href=\"http://twitter.com/download/iphone\" rel=\"nofollow\">Twitter for iPhone</a>","Greeneggsnspag",1,FALSE,FALSE,NA,NA
"207","Reposted from @/ilfautmagazine - @paulwesley #shot by @/jamesleewallphoto #style by @/krisanasotelo #grooming b‚Ä¶",FALSE,10,NA,2019-03-04 12:40:11,TRUE,NA,"1102549297172791296",NA,"<a href=\"http://twitter.com/download/android\" rel=\"nofollow\">Twitter for Android</a>","Missclairdelune",2,FALSE,FALSE,NA,NA
"208","#Shot By Canon1300D #Captured By Me #proud to be a photographer",FALSE,1,NA,2019-03-04 10:29:52,FALSE,NA,"1102516501200932864",NA,"<a href=\"http://twitter.com/download/android\" rel=\"nofollow\">Twitter for Android</a>","HASNISI78",0,FALSE,FALSE,NA,NA
"209","Wedding Day . #ShotüòÇüçª -Cherry üçí",FALSE,0,NA,2019-03-04 10:24:57,FALSE,NA,"1102515264887902214",NA,"<a href=\"http://www.facebook.com/twitter\" rel=\"nofollow\">Facebook</a>","emaascherrylyn",0,FALSE,FALSE,NA,NA
"211","An urban garden with some white decorative stones photography. #Photo #Shot #Free",FALSE,5,NA,2019-03-04 09:44:03,FALSE,NA,"1102504969889026048",NA,"<a href=\"http://twitter.com\" rel=\"nofollow\">Twitter Web Client</a>","visualmodo",4,FALSE,FALSE,NA,NA
"212","The Castelo de Palmela is a huge fortified complex that stands atop the eastern edge of the Serra de Arrabida hills‚Ä¶",FALSE,1,NA,2019-03-04 08:53:51,TRUE,NA,"1102492338092494848",NA,"<a href=\"http://twitter.com/download/iphone\" rel=\"nofollow\">Twitter for iPhone</a>","elisarec",0,FALSE,FALSE,NA,NA
"213","Late Night Layering #art #painting #paint #wood #canvas #layers #acrylic #lettering #antihumangraffiti #style‚Ä¶",FALSE,0,NA,2019-03-04 07:36:00,TRUE,NA,"1102472749090398209",NA,"<a href=\"http://instagram.com\" rel=\"nofollow\">Instagram</a>","konstantlytino",0,FALSE,FALSE,NA,NA
"214","[ Dead people come back alive‚Äî Can I get Lammy‚Äî? #shot ]",FALSE,3,NA,2019-03-04 06:39:58,FALSE,NA,"1102458645021769728",NA,"<a href=\"http://twitter.com/download/android\" rel=\"nofollow\">Twitter for Android</a>","OfBleedingHeart",0,FALSE,FALSE,NA,NA
"215","#GOODMORNING COLORS OF THE SUN'S #ENERGY üòÄüì∑‚ù§Ô∏è #ISTRIA #CROATIA #planet #Earth #countryside #environment #heritage‚Ä¶",FALSE,48,NA,2019-03-04 06:32:36,TRUE,NA,"1102456793207398400",NA,"<a href=\"http://twitter.com\" rel=\"nofollow\">Twitter Web Client</a>","drago_karlo",7,FALSE,FALSE,NA,NA
"216","\"@paulwesley #shot by jameswallphoto #style by krisanasotelo #grooming by benjaminthigpen Sweater and Denim‚Ä¶",FALSE,30,NA,2019-03-04 05:51:04,TRUE,NA,"1102446338472587264",NA,"<a href=\"http://twitter.com/download/android\" rel=\"nofollow\">Twitter for Android</a>","Weekly_P_Wesley",5,FALSE,FALSE,NA,NA
"217","#photooftheday I just found this #great #shot of karenmarine2 &amp; I almost #3 years ago #now on her #mdkradioshow &amp; I‚Ä¶",FALSE,1,NA,2019-03-04 05:35:48,TRUE,NA,"1102442497567940610",NA,"<a href=\"http://instagram.com\" rel=\"nofollow\">Instagram</a>","dramaticatvshow",0,FALSE,FALSE,NA,NA
"218","A Script Reader‚Äôs Checklist ‚úîÔ∏è #screenplay #screenwriter #writers #movie #film #Blockbuster #draft #plot #Hollywood‚Ä¶",FALSE,0,NA,2019-03-04 04:49:41,TRUE,NA,"1102430893698936832",NA,"<a href=\"http://twitter.com/download/iphone\" rel=\"nofollow\">Twitter for iPhone</a>","marnietodavis",0,FALSE,FALSE,NA,NA
"219","#history #PAF #pakistanüáµüá∞ #airforce üáµüá∞üõ´ #1965 #war Pakistan üáµüá∞ air force #shot #down #108 #indian #aircrafts üáµüá∞üõ´‚Ä¶",FALSE,0,NA,2019-03-04 03:39:53,TRUE,NA,"1102413325931966465",NA,"<a href=\"http://instagram.com\" rel=\"nofollow\">Instagram</a>","maji_sami",0,FALSE,FALSE,NA,NA
"220","**CANNONBALL** Gotta love getting shot across the map :-D #fortnite #fortnitenews #season8 #battleroyale‚Ä¶",FALSE,2,NA,2019-03-04 02:37:25,TRUE,NA,"1102397607681409024",NA,"<a href=\"http://twitter.com/download/android\" rel=\"nofollow\">Twitter for Android</a>","ATron5000",1,FALSE,FALSE,NA,NA
"221","1 #Shot, 2 Interceptions Sees West Brom Loanee Take MotM From Leeds Disappointment - Vitalfootball #WBA üè¥Û†ÅßÛ†Å¢Û†Å•Û†ÅÆÛ†ÅßÛ†Åø‚Ä¶",FALSE,0,NA,2019-03-04 01:52:17,TRUE,NA,"1102386246540775424",NA,"<a href=\"https://footy90.com\" rel=\"nofollow\">footy90.com - News</a>","footy90com",0,FALSE,FALSE,NA,NA
"222","Dirty SKS kill from today‚Äôs PUBG stream #PLAYERUNKNOWNSBATTLEGROUNDS #domed #shot‚Ä¶",FALSE,0,NA,2019-03-04 01:29:46,TRUE,NA,"1102380579595653120",NA,"<a href=\"http://twitter.com/download/iphone\" rel=\"nofollow\">Twitter for iPhone</a>","Nudge21992",0,FALSE,FALSE,NA,NA
"223","Sometimes I B Having #Dreams Of Me Getting #Shot If You Gone Kome Get Me Kome Get But Im Taking You With Me #On800",FALSE,1,NA,2019-03-04 01:17:10,FALSE,NA,"1102377411914522624",NA,"<a href=\"http://twitter.com/download/android\" rel=\"nofollow\">Twitter for Android</a>","800Bandzz",0,FALSE,FALSE,NA,NA
"224","@santafeez &gt; #UNHRC report: ISRAELI-forces Mar30-2018 #SHOTüî´2-bullets in #legs of Yousef-Kronz/19y #student‚Ä¶",FALSE,4,"santafeez",2019-03-04 00:15:10,TRUE,"1102306564000628749","1102361806259904512","22236071","<a href=\"https://github.com/TwidereProject/Twidere-Android/\" rel=\"nofollow\">Twidere for Android #5</a>","atErikM",3,FALSE,FALSE,NA,NA
"225","@hey_its_crissyj @crissyjboutique @djos100 oneclickphotographyshoots #fleetmodel #fleetmodels #oneclick‚Ä¶",FALSE,2,"hey_its_crissyj",2019-03-03 22:44:48,TRUE,NA,"1102339064953335808","881291636","<a href=\"http://instagram.com\" rel=\"nofollow\">Instagram</a>","adam_ocran",0,FALSE,FALSE,NA,NA
"227","üéâCarnival partyüéâ #swig #swigbar #swigmusicbar #swigshotbar #swigvomero #swigbarvomero #swigbarchiaia #shot #shots‚Ä¶",FALSE,1,NA,2019-03-03 21:06:50,TRUE,NA,"1102314410687848448",NA,"<a href=\"https://ifttt.com\" rel=\"nofollow\">IFTTT</a>","swig2004",0,FALSE,FALSE,NA,NA
"228","Cross me or get #Shot #Boy #Another #One in the #stash #Preview #Backonmyshit off #Mynameismyname (outnow) on all‚Ä¶",FALSE,1,NA,2019-03-03 20:55:35,TRUE,NA,"1102311582598606849",NA,"<a href=\"http://www.facebook.com/twitter\" rel=\"nofollow\">Facebook</a>","skysoprano",0,FALSE,FALSE,NA,NA
"230","If @knowlezy6 did @dancingonice ....... #shot #kyontact",FALSE,30,NA,2019-03-03 19:55:05,FALSE,NA,"1102296356025233408",NA,"<a href=\"http://twitter.com/download/iphone\" rel=\"nofollow\">Twitter for iPhone</a>","kylejamor87",4,FALSE,FALSE,NA,NA
"231","Casually burns the porn magazi‚Äî #Shot #OOC(?)",FALSE,1,NA,2019-03-03 19:37:36,FALSE,NA,"1102291957445996547",NA,"<a href=\"http://twitter.com/download/iphone\" rel=\"nofollow\">Twitter for iPhone</a>","_Supxrbia_",0,FALSE,FALSE,NA,NA
"232","Nice little clip from todays twitch stream #twitch #pc #prime #apex #streaming‚Ä¶",FALSE,0,NA,2019-03-03 19:19:36,TRUE,NA,"1102287424384712704",NA,"<a href=\"http://instagram.com\" rel=\"nofollow\">Instagram</a>","RageMonkeyTV",0,FALSE,FALSE,NA,NA
"233","\" #Sacramento #police officers who fatally #shot #StephonClark will not be charged\" #World‚Ä¶",FALSE,0,NA,2019-03-03 19:09:53,TRUE,NA,"1102284980565114880",NA,"<a href=\"http://twitter.com/download/android\" rel=\"nofollow\">Twitter for Android</a>","Social411Now",0,FALSE,FALSE,NA,NA
"234","#AD NEW SHIT‚ÄºÔ∏è ‚ÄúBig Dog‚Äù üêï #shot by üìΩüéû T-Sims Films üí™üèΩ #droppingSoon #comingsoon until then Make Sure y‚Äôall check i‚Ä¶",FALSE,1,NA,2019-03-03 19:07:36,TRUE,NA,"1102284405794574337",NA,"<a href=\"http://www.facebook.com/twitter\" rel=\"nofollow\">Facebook</a>","Thefamousar",0,FALSE,FALSE,NA,NA
"235","worst means, the present grace and in the false man that's #shot üò± #SwallowNavigationUp",FALSE,0,NA,2019-03-03 19:01:38,FALSE,NA,"1102282905294917632",NA,"<a href=\"http://james.sh\" rel=\"nofollow\">The Robobard</a>","therobobard",0,FALSE,FALSE,NA,NA
"236","Lensball shot üì∏ . #szjdkpictures #szjdk #pictures #photo #photography #twitter #lensball #shot #upside #down‚Ä¶",FALSE,1,NA,2019-03-03 19:01:08,TRUE,NA,"1102282778895360000",NA,"<a href=\"http://twitter.com/download/android\" rel=\"nofollow\">Twitter for Android</a>","szjdk_pictures",0,FALSE,FALSE,NA,NA
"237","#shot w: Athens, Greece",FALSE,0,NA,2019-03-03 18:09:52,FALSE,NA,"1102269877740421121",NA,"<a href=\"http://instagram.com\" rel=\"nofollow\">Instagram</a>","tonefashination",0,FALSE,FALSE,NA,NA
"238","Newborn Noah . . #newbornphotography #curitiba #alexardisson #cute #shot #babygirl #princess #gestante #estudio‚Ä¶",FALSE,0,NA,2019-03-03 18:08:33,TRUE,NA,"1102269545891344384",NA,"<a href=\"http://instagram.com\" rel=\"nofollow\">Instagram</a>","ArdissonProduco",0,FALSE,FALSE,"-46.55896157","-23.54939974"
"239","Life is a Fairytale ‚ú®üßöüèª‚Äç‚ôÇÔ∏è.....Keep dreaming cuz dreams come true #shotoniphone #shot #dreams @tim_cook‚Ä¶",FALSE,0,NA,2019-03-03 17:10:10,TRUE,NA,"1102254854557249536",NA,"<a href=\"http://twitter.com/download/iphone\" rel=\"nofollow\">Twitter for iPhone</a>","jenny22priscy",0,FALSE,FALSE,NA,NA
"240","A Great day today Coaching valhallathrowsacademy Lots Athletes of various ages and Coaches all learning #valhalla‚Ä¶",FALSE,4,NA,2019-03-03 16:36:24,TRUE,NA,"1102246356024995840",NA,"<a href=\"http://instagram.com\" rel=\"nofollow\">Instagram</a>","paulthecoach1",1,FALSE,FALSE,NA,NA
"241","Sometimes I just want run to a place like this... #Palms . #Shot by @Jose_Rivera7333 . . #Paradise #palm #palmeras‚Ä¶",FALSE,0,NA,2019-03-03 15:49:55,TRUE,NA,"1102234656748068864",NA,"<a href=\"http://instagram.com\" rel=\"nofollow\">Instagram</a>","ValdemarOcanto",0,FALSE,FALSE,NA,NA
"242","Googleplex üòç‚ù§Ô∏è . . . #California #USA #Google #GooglePlex #Headquarters #MontainView #SanFrancisco #SantaClara‚Ä¶",FALSE,0,NA,2019-03-03 15:47:16,TRUE,NA,"1102233989614587906",NA,"<a href=\"http://instagram.com\" rel=\"nofollow\">Instagram</a>","KerlyAvilesM",0,FALSE,FALSE,"-122.08402778","37.42184444"
"246","Yes it was #cold but #last #nights #solo #ride was just what I needed to burn off some #energy and get the #shot th‚Ä¶",FALSE,1,NA,2019-03-03 14:56:30,TRUE,NA,"1102221214708162561",NA,"<a href=\"http://instagram.com\" rel=\"nofollow\">Instagram</a>","Cantdowhoolies",0,FALSE,FALSE,NA,NA
"247","#Cops who #fatally #shot #StephonClark, an #unarmed #black man, last year will #not face criminal charges,‚Ä¶",FALSE,0,NA,2019-03-03 14:49:31,TRUE,NA,"1102219456942608384",NA,"<a href=\"https://mobile.twitter.com\" rel=\"nofollow\">Twitter Web App</a>","ehornaday",0,FALSE,FALSE,NA,NA
"248","#new #video #Shot by @bornwinnerbj prod by: @JCaspersenBeats #BoutMyBread available‚Ä¶",FALSE,1,NA,2019-03-03 14:45:49,TRUE,NA,"1102218525266116610",NA,"<a href=\"http://twitter.com/download/android\" rel=\"nofollow\">Twitter for Android</a>","SoldjasquadBC",0,FALSE,FALSE,NA,NA
"249","Cinematic Still by the wonderful @AlOverdrive #photography #stills #headshot #cinematic #raw #filmic #shot #pics‚Ä¶",FALSE,3,NA,2019-03-03 14:11:57,TRUE,NA,"1102210004155813889",NA,"<a href=\"http://twitter.com/download/android\" rel=\"nofollow\">Twitter for Android</a>","LuisaGuerreiro4",0,FALSE,FALSE,NA,NA
"250","137. Society - #people #society #bnw #bnwphotography #chain #lifestyle #life #human #work #tram #subway‚Ä¶",FALSE,2,NA,2019-03-03 14:08:33,TRUE,NA,"1102209148157071363",NA,"<a href=\"http://twitter.com/download/iphone\" rel=\"nofollow\">Twitter for iPhone</a>","MarieChalandre",1,FALSE,FALSE,NA,NA
"251","#Citywide #Beer &amp; #Shot #Whiskey at the most friendliest place in #Philly @BarrelHousePHL #citywidesforlife üôåüçªü•É",FALSE,3,NA,2019-03-03 13:39:46,FALSE,NA,"1102201902782169098",NA,"<a href=\"http://twitter.com/download/iphone\" rel=\"nofollow\">Twitter for iPhone</a>","Essau1969",1,FALSE,FALSE,NA,NA
"252","I'm a F'n #Pool #Player I'll make the #impossible #shot and miss the F'n #easy one Chalk my tip #perfectly and‚Ä¶",FALSE,0,NA,2019-03-03 12:53:04,TRUE,NA,"1102190152892465153",NA,"<a href=\"http://twitter.com/download/iphone\" rel=\"nofollow\">Twitter for iPhone</a>","Kreshn1k",0,FALSE,FALSE,NA,NA
"253","‚ú®Try a new look everyday! ‚ú® #Makeup #makeuplover #love #colors #colorful #glitter #pink #blue #silver #photo #shot‚Ä¶",FALSE,2,NA,2019-03-03 11:44:09,TRUE,NA,"1102172809994878977",NA,"<a href=\"http://instagram.com\" rel=\"nofollow\">Instagram</a>","FinjaTara",0,FALSE,FALSE,NA,NA
"254","‚ÄòGghhhnmmm‚Äô, says Chewbacca - - #starwars #gun #shot #lazer #wookie #hair #attack‚Ä¶",FALSE,1,NA,2019-03-03 11:04:45,TRUE,NA,"1102162891149533184",NA,"<a href=\"http://instagram.com\" rel=\"nofollow\">Instagram</a>","ComicsAndMovies",0,FALSE,FALSE,NA,NA
"255","For all the #nocturnal #animals on this #earth : #caught @Richy_Ahmed in #action in #ibiza on an #early #sunday‚Ä¶",FALSE,0,NA,2019-03-03 10:55:56,TRUE,NA,"1102160672211779584",NA,"<a href=\"http://instagram.com\" rel=\"nofollow\">Instagram</a>","R3B3L_BELLE",0,FALSE,FALSE,NA,NA
"256","What's up? :) ¬∞ ¬∞ ¬∞ #tumblr #tumblrphoto #canon #canonphotography #canonphoto #shot #by #canon #1300 #d #dslr‚Ä¶",FALSE,1,NA,2019-03-03 10:50:09,TRUE,NA,"1102159217937416193",NA,"<a href=\"http://instagram.com\" rel=\"nofollow\">Instagram</a>","LucianSPN",0,FALSE,FALSE,NA,NA
"257","Glory Holes In Every Wall Around You - Wrapped In Words #wrapped #words #sin #sleep #glory #whole #shot #prose‚Ä¶",FALSE,0,NA,2019-03-03 10:42:30,TRUE,NA,"1102157293859201029",NA,"<a href=\"http://publicize.wp.com/\" rel=\"nofollow\">WordPress.com</a>","TwistedroadsM",0,FALSE,FALSE,NA,NA
"258","‚ù§Ô∏è this accidental good #shot of my #makeup #look",FALSE,0,NA,2019-03-03 10:39:17,FALSE,NA,"1102156483117096960",NA,"<a href=\"http://instagram.com\" rel=\"nofollow\">Instagram</a>","QuirkyPrincess",1,FALSE,FALSE,NA,NA
"259","Depth Control on iPhone XS and iPhone XR allows you to adjust the depth of field to get the perfect amount of blur.‚Ä¶",FALSE,2,NA,2019-03-03 09:38:09,TRUE,NA,"1102141100716830720",NA,"<a href=\"http://twitter.com/download/android\" rel=\"nofollow\">Twitter for Android</a>","AptronixIN",0,FALSE,FALSE,NA,NA
"261","Drunks in the Movies #supercut #robertjones #ivre #alcool #bourr√© #shot",FALSE,0,NA,2019-03-03 08:04:04,FALSE,NA,"1102117423065563137",NA,"<a href=\"http://twitter.com\" rel=\"nofollow\">Twitter Web Client</a>","GroclickWeb",0,FALSE,FALSE,NA,NA
"262","‚öΩÔ∏è KEEP GOING ü•Ö #likes #smile #happy #fun #follow #travel #love #trip #charity #football #soccer #calcio #shot‚Ä¶",FALSE,0,NA,2019-03-03 07:38:43,TRUE,NA,"1102111043134865408",NA,"<a href=\"http://twitter.com/download/iphone\" rel=\"nofollow\">Twitter for iPhone</a>","raffaele_parisi",1,FALSE,FALSE,NA,NA
"263","Stages of life in a Carton SALE #Qoo10sg #Qoo10 #beer #milo #pediasure #nestle #nescafe‚Ä¶",FALSE,1,NA,2019-03-03 04:26:33,TRUE,NA,"1102062681366773761",NA,"<a href=\"http://twitter.com/download/iphone\" rel=\"nofollow\">Twitter for iPhone</a>","Qoo10SG",0,FALSE,FALSE,NA,NA
"264","Feels so lit to be in bed rn #shot",FALSE,0,NA,2019-03-03 04:26:08,FALSE,NA,"1102062577440509958",NA,"<a href=\"http://twitter.com/download/iphone\" rel=\"nofollow\">Twitter for iPhone</a>","t_skyex",0,FALSE,FALSE,NA,NA
"265","#RIP #Haed of Philosophy department Sindh universit #Shot dead in US #Great teacher #Great Mind #By alcoholic crimi‚Ä¶",FALSE,0,NA,2019-03-03 03:55:27,TRUE,NA,"1102054857853292545",NA,"<a href=\"http://twitter.com/download/android\" rel=\"nofollow\">Twitter for Android</a>","786zeeshan1",0,FALSE,FALSE,NA,NA
"266","\" #Sacramento #police #officers who fatally #shot #StephonClark will not be charged\"",FALSE,0,NA,2019-03-03 03:54:05,TRUE,NA,"1102054513022709763",NA,"<a href=\"http://twitter.com/download/android\" rel=\"nofollow\">Twitter for Android</a>","Social411Now",0,FALSE,FALSE,NA,NA
"267","Open your eyes!! ‚Ñ¢Ô∏èüòé #tommyclive #selfie #androgynymodel #pi√±askate #modeling #funny #inspiration #instagram‚Ä¶",FALSE,0,NA,2019-03-03 03:33:14,TRUE,NA,"1102049262932762624",NA,"<a href=\"http://instagram.com\" rel=\"nofollow\">Instagram</a>","tommyclive",0,FALSE,FALSE,NA,NA
"268","That's easily the most sultry slider I've ever seen! And, it pairs perfectly with Don Julio reposado. #diageorep‚Ä¶",FALSE,0,NA,2019-03-03 03:27:48,TRUE,NA,"1102047897674280960",NA,"<a href=\"http://instagram.com\" rel=\"nofollow\">Instagram</a>","SactownSpirits",0,FALSE,FALSE,NA,NA
"269","Imagine playing football for @MDFootball You get your opponents best bc your team brand Is the #best so you get t‚Ä¶",FALSE,0,NA,2019-03-03 02:34:06,TRUE,NA,"1102034385170137089",NA,"<a href=\"http://twitter.com/download/android\" rel=\"nofollow\">Twitter for Android</a>","DionApollo",0,FALSE,FALSE,NA,NA
"270","Friends are the family you choose. #fun #friends #nightsout #nurse #murse #selfcare #life #shot #tequila #nashville‚Ä¶",FALSE,0,NA,2019-03-03 02:10:21,TRUE,NA,"1102028405791436806",NA,"<a href=\"http://instagram.com\" rel=\"nofollow\">Instagram</a>","jjamesontime",0,FALSE,FALSE,NA,NA
"271","#crummiebeats #club #fight #litup #shot #laydown #rip #hummerstuntin #fuckboi #wet #tshit #contest #winner #beats‚Ä¶",FALSE,0,NA,2019-03-03 01:34:29,TRUE,NA,"1102019380026789888",NA,"<a href=\"http://instagram.com\" rel=\"nofollow\">Instagram</a>","CRUMMIEBEATS",1,FALSE,FALSE,"-77.0367","38.8951"
"272","#Repost #shot @eyereeimages get_repost_easily #repost_easily ****** -Flashback Friday- Steel Pulse at the 25th Anni‚Ä¶",FALSE,0,NA,2019-03-03 00:03:28,TRUE,NA,"1101996474076786688",NA,"<a href=\"http://instagram.com\" rel=\"nofollow\">Instagram</a>","IslandStage",0,FALSE,FALSE,NA,NA
"273","Dog found #shot, laying in Cocke County ditch #StopAnimalCruelty!!",FALSE,0,NA,2019-03-02 23:34:14,FALSE,NA,"1101989118798635009",NA,"<a href=\"http://twitter.com\" rel=\"nofollow\">Twitter Web Client</a>","redhed67",0,FALSE,FALSE,NA,NA
"274","A little #fullauto #action for a #customer #demo out at the #farm. As you can tell by his #smile he has #never‚Ä¶",FALSE,0,NA,2019-03-02 23:32:23,TRUE,NA,"1101988651498536961",NA,"<a href=\"http://instagram.com\" rel=\"nofollow\">Instagram</a>","HIPPCustoms",0,FALSE,FALSE,NA,NA
"275","@Cincindy06 respect the jumper. decline but respect the jumper he was #shooting his #shot ü§£ü§£ü§£ü§£",FALSE,0,"Cincindy06",2019-03-02 22:03:32,FALSE,"1101963169826770944","1101966295090847745","812071356829409284","<a href=\"http://twitter.com\" rel=\"nofollow\">Twitter Web Client</a>","OutonbailBully",0,FALSE,FALSE,NA,NA
"276","Some Times Its Just Not Enough #Jump #Shot #Fortnite #XboxShare",FALSE,9,NA,2019-03-02 21:33:48,FALSE,NA,"1101958809621151744",NA,"<a href=\"http://www.xbox.com/en-US/\" rel=\"nofollow\">Xbox One Social</a>","viciouskill3rs",0,FALSE,FALSE,NA,NA
"277","ü§™ . . . ‚Ä¢ Shot on Ô£øiPhone X . . . #me #glasses #shotoniphone #iphone #yo #pic #photo #photography #photographer‚Ä¶",FALSE,0,NA,2019-03-02 21:11:31,TRUE,NA,"1101953204076503041",NA,"<a href=\"http://instagram.com\" rel=\"nofollow\">Instagram</a>","georgepreg",0,FALSE,FALSE,"9.42195","45.59848"
"278","#GunControlNow An Indiana man #shot himself in the #genitals when a gun slipped from his waistband, Mark Anthony J‚Ä¶",FALSE,6,NA,2019-03-02 20:37:55,TRUE,NA,"1101944747994693632",NA,"<a href=\"http://twitter.com\" rel=\"nofollow\">Twitter Web Client</a>","CorporatePiggie",1,FALSE,FALSE,NA,NA
"279","Guess it's true I'm not good at a one night stand But I still need love 'Cause I'm just a man. #amsterdam #holanda‚Ä¶",FALSE,0,NA,2019-03-02 20:13:36,TRUE,NA,"1101938626919890944",NA,"<a href=\"https://ifttt.com\" rel=\"nofollow\">IFTTT</a>","cleberbra",0,FALSE,FALSE,NA,NA
"280","Taking a #shot #graffiti #StreetArt #blackandwhitephotography",FALSE,1,"AG_Exposed",2019-03-02 19:36:37,FALSE,"1101928704152952832","1101929322334601218","711266319233118208","<a href=\"http://twitter.com/download/android\" rel=\"nofollow\">Twitter for Android</a>","AG_Exposed",0,FALSE,FALSE,NA,NA
"281","#Texas loves to #execute people. But some #criminals did so #hinious, they deserve to be #shot right there. In thi‚Ä¶",FALSE,0,NA,2019-03-02 19:02:38,TRUE,NA,"1101920767099334656",NA,"<a href=\"http://twitter.com/download/android\" rel=\"nofollow\">Twitter for Android</a>","arieladkins",0,FALSE,FALSE,NA,NA
"282","#1980s #BellCharm #ClipCharm Pink #Syringe #Shot #Doctor #Nurse #Kitsch #Plastic #Jewelry #Necklace #Retro‚Ä¶",FALSE,0,NA,2019-03-02 19:01:25,TRUE,NA,"1101920461942861824",NA,"<a href=\"http://twitter.com\" rel=\"nofollow\">Twitter Web Client</a>","Clutterina",0,FALSE,FALSE,NA,NA
"283","Congrats to these 3 Archer High School #Throwers on the great #Throws PRs and points for the team. #Shot #ShotPut‚Ä¶",FALSE,3,NA,2019-03-02 18:01:21,TRUE,NA,"1101905347353161730",NA,"<a href=\"https://ifttt.com\" rel=\"nofollow\">IFTTT</a>","bjaj1",1,FALSE,FALSE,NA,NA
"284","Police are investigating a murder suicide in the Corporate Area Dead are 49-year-old Suzan Puranda, affectionately‚Ä¶",FALSE,0,NA,2019-03-02 16:22:33,TRUE,NA,"1101880481002516482",NA,"<a href=\"https://sproutsocial.com\" rel=\"nofollow\">Sprout Social</a>","MyJamaicaToday",0,FALSE,FALSE,NA,NA
"285","#Geriatric #dog had to be #PTS after #someone #shot her in the #head R.I.P lil #Angel And #YOU WHOEVER DID THIS DI‚Ä¶",FALSE,0,NA,2019-03-02 16:19:45,TRUE,NA,"1101879779303849985",NA,"<a href=\"http://twitter.com/download/android\" rel=\"nofollow\">Twitter for Android</a>","sharon58642664",1,FALSE,FALSE,NA,NA
"286","üíõüíöüíú Take you #shot !!! Hail #tucks2019 Float 11A sidewalk side #mardigras2019 #VaxOnVaxOff #Hazmat‚Ä¶",FALSE,6,NA,2019-03-02 15:20:11,TRUE,NA,"1101864788861292544",NA,"<a href=\"http://instagram.com\" rel=\"nofollow\">Instagram</a>","IsaAshoor1",0,FALSE,FALSE,NA,NA
"287","üì∏ calpis.usa ‚Ä¢ ‚Ä¢ ‚Ä¢ ‚Ä¢ ‚Ä¢ Today‚Äôs morning shot!!üí™ #calpico #calpis #calpisusa ##calpicomini #america #california‚Ä¶",FALSE,0,NA,2019-03-02 15:03:22,TRUE,NA,"1101860553478340609",NA,"<a href=\"http://instagram.com\" rel=\"nofollow\">Instagram</a>","ENMSALES",0,FALSE,FALSE,"-118.243","34.0522"
"288","@WilsonAftab #Wilson Just wrote that he has #Love @tomhanks The question is, Does #Tom and #Rocky, who are now in t‚Ä¶",FALSE,1,"WilsonAftab",2019-03-02 14:52:00,TRUE,"1101855028317437952","1101857694728798209","2939888430","<a href=\"http://twitter.com\" rel=\"nofollow\">Twitter Web Client</a>","FetishSix",1,FALSE,FALSE,NA,NA
"289","It‚Äôs 1 day off the ice and I‚Äôm already itching for the next game!!! #hockey #hockeystick #puck #ice #rink #icerink‚Ä¶",FALSE,1,NA,2019-03-02 14:23:40,TRUE,NA,"1101850564701360128",NA,"<a href=\"http://twitter.com/download/iphone\" rel=\"nofollow\">Twitter for iPhone</a>","rattanasio29a",0,FALSE,FALSE,NA,NA
"1","#DirectorofPhotography Doug Munro #setting up the #prefect #shot for the #feature #rootoftheproblem",FALSE,1,NA,2019-03-07 23:32:18,FALSE,NA,"1103800569515261953",NA,"<a href=\"http://twitter.com/download/iphone\" rel=\"nofollow\">Twitter for iPhone</a>","ProblemRoot",0,FALSE,FALSE,NA,NA
"2","üö®üö®When A Real Thug Lovesüö®üö® ‚ö†Ô∏è‚ö†Ô∏èVIDEO‚ÄºÔ∏è‚ÄºÔ∏è Dropping #Tasty #Tuesday üëÄüëÄü§§ü§§ooowwww lilleeto ‚ö†Ô∏è‚ö†Ô∏èüé•üé¨EVERYTHING #Shot by mu‚Ä¶",FALSE,0,NA,2019-03-07 23:03:02,TRUE,NA,"1103793204795764747",NA,"<a href=\"http://instagram.com\" rel=\"nofollow\">Instagram</a>","F2Y_MoneyMonta",0,FALSE,FALSE,NA,NA
"3","#Shot check out newcomer @jennytolman #MyWelcomeMat - or as she calls it, her \"what would @dollyparton do\" song!:",FALSE,5,NA,2019-03-07 23:02:41,FALSE,NA,"1103793116413194240",NA,"<a href=\"http://twitter.com\" rel=\"nofollow\">Twitter Web Client</a>","MorningHangover",2,FALSE,FALSE,NA,NA
"4","It‚Äôs 5 o‚Äôclock somewhere... #ak #ak47 #centuryarms #rifle #762x39 #shooting #shot #targetshooting #gun #guns‚Ä¶",FALSE,3,NA,2019-03-07 21:28:11,TRUE,NA,"1103769338035793933",NA,"<a href=\"http://twitter.com/download/iphone\" rel=\"nofollow\">Twitter for iPhone</a>","patspawnandgun",0,FALSE,FALSE,NA,NA
"5","Some sunsets are hard to forget. #mountain #nature #naturephotography #naturelovers #shot #canon #eos #picture #pic‚Ä¶",FALSE,2,NA,2019-03-07 21:27:07,TRUE,NA,"1103769068295733248",NA,"<a href=\"http://instagram.com\" rel=\"nofollow\">Instagram</a>","naudylucenaq",1,FALSE,FALSE,"-71.67166667","-35.42666667"
"6","I have so much love for this man, counting down to the day we go back ‚ù§Ô∏è #thursday #potd #nofilter #throwback #uk‚Ä¶",FALSE,0,NA,2019-03-07 21:12:54,TRUE,NA,"1103765491938549760",NA,"<a href=\"http://instagram.com\" rel=\"nofollow\">Instagram</a>","suuunita",0,FALSE,FALSE,NA,NA
"7","East Boston - Report of a person #shot 700 block of Border Street (GSW leg) #Boston",FALSE,4,NA,2019-03-07 20:46:00,FALSE,NA,"1103758720012611597",NA,"<a href=\"http://twitter.com/download/iphone\" rel=\"nofollow\">Twitter for iPhone</a>","ChelseaScanner",4,FALSE,FALSE,NA,NA
"8","#AD NEW SHIT‚ÄºÔ∏è @thefamousar‚ÄúBig Dog‚Äù üêï #shot by üìΩüéû @tsimsfilms üí™üèΩ #OUTNOW‚ÄºÔ∏è Make Sure y‚Äôall check it out on‚Ä¶",FALSE,0,NA,2019-03-07 20:39:22,TRUE,NA,"1103757049719152641",NA,"<a href=\"http://www.facebook.com/twitter\" rel=\"nofollow\">Facebook</a>","Thefamousar",0,FALSE,FALSE,NA,NA
"9","Art of M'y Cousin üòçüòò#photoshooting #instapict #instapic #bestshots #bestshot #snapshots #shot #snap #instapicdaily‚Ä¶",FALSE,1,NA,2019-03-07 20:37:02,TRUE,NA,"1103756462701113344",NA,"<a href=\"http://twitter.com/download/android\" rel=\"nofollow\">Twitter for Android</a>","Youcef_Soffih",0,FALSE,FALSE,NA,NA
"10","Checking a #shot with #directorofphotography McLovin during the #MMA #fight #scene . #stunt #choreography #planning‚Ä¶",FALSE,0,NA,2019-03-07 20:36:29,TRUE,NA,"1103756326461755392",NA,"<a href=\"http://instagram.com\" rel=\"nofollow\">Instagram</a>","RELENTLESSnew1",0,FALSE,FALSE,NA,NA
"11","REAL TALK RADIO13 #Police pursuit of man who #shot #officer in #Rockford leads to standoff on I-55..‚Ä¶",FALSE,0,NA,2019-03-07 20:07:59,TRUE,NA,"1103749153690173440",NA,"<a href=\"http://www.facebook.com/twitter\" rel=\"nofollow\">Facebook</a>","realtalkradio13",0,FALSE,FALSE,NA,NA
"12","Investigators: Indiana boy #shot #trooper dad over video games",FALSE,0,NA,2019-03-07 19:45:09,FALSE,NA,"1103743405732098049",NA,"<a href=\"http://twitter.com/download/iphone\" rel=\"nofollow\">Twitter for iPhone</a>","WLKYSusanneH",0,FALSE,FALSE,NA,NA
"13","Today‚Äôs special: Boilermaker. Five dollars. #evanwilliams #bourbon #schaeferbeer #beer #boilermaker #shot‚Ä¶",FALSE,0,NA,2019-03-07 19:40:02,TRUE,NA,"1103742119083163648",NA,"<a href=\"http://instagram.com\" rel=\"nofollow\">Instagram</a>","theBoozyXtian",0,FALSE,FALSE,NA,NA
"14","@KenyonMartinSr I did a #shot w/ you at a party in Clifton once. Cool Baby! üí∞üçπüí™üèÄüé±",FALSE,0,"KenyonMartinSr",2019-03-07 18:40:54,FALSE,NA,"1103727236274970624","493947419","<a href=\"https://mobile.twitter.com\" rel=\"nofollow\">Twitter Web App</a>","MarkGallina",0,FALSE,FALSE,NA,NA
"15","#Repost @janasilao @reposting_insta . . . . SM YOUTH 2019 #styling by me #makeup by @jiaachacruz #hair by‚Ä¶",FALSE,2,NA,2019-03-07 18:15:56,TRUE,NA,"1103720955631685632",NA,"<a href=\"http://twitter.com/download/android\" rel=\"nofollow\">Twitter for Android</a>","mygirl_3105",3,FALSE,FALSE,NA,NA
"16","I hate sunny days and I hate warm colors, but I love flowers, I love this place, they remind me of you. #shot",FALSE,23,NA,2019-03-07 17:40:41,FALSE,NA,"1103712084041318402",NA,"<a href=\"http://twitter.com/download/android\" rel=\"nofollow\">Twitter for Android</a>","yomnanouh",0,FALSE,FALSE,NA,NA
"17","#Indiana 11-year-old #boy allegedly #shot #dad for taking away #videogames via @nypost",FALSE,0,NA,2019-03-07 17:22:59,FALSE,NA,"1103707628398628864",NA,"<a href=\"http://twitter.com\" rel=\"nofollow\">Twitter Web Client</a>","NYJusticeSeeker",0,FALSE,FALSE,NA,NA
"18","#Jojo with the #Shot assist from big sister #LiLi ... when your sister is your biggest fan‚ÄºÔ∏èüíØüí™üèæüèÜ onlythirdgrader‚Ä¶",FALSE,1,NA,2019-03-07 17:14:00,TRUE,NA,"1103705367781859328",NA,"<a href=\"http://instagram.com\" rel=\"nofollow\">Instagram</a>","sisterhoodlje",0,FALSE,FALSE,NA,NA
"19","Red Stripe Beer Bottle Shot Glasses #redstripe #beer #Jamaica #upcycled #shot #glass #ThursdayThoughts‚Ä¶",FALSE,0,NA,2019-03-07 17:11:57,TRUE,NA,"1103704852956246017",NA,"<a href=\"http://twitter.com/download/iphone\" rel=\"nofollow\">Twitter for iPhone</a>","sundeejo2002",0,FALSE,FALSE,NA,NA
"20","Stance makes up for 40% of your #shot. Make sure you have the perfect #stance with the Talon #TrainingAid.",FALSE,0,NA,2019-03-07 17:00:50,FALSE,NA,"1103702057230499840",NA,"<a href=\"https://buffer.com\" rel=\"nofollow\">Buffer</a>","OjeeGolf",0,FALSE,FALSE,NA,NA
"21","#crummiebeats #nomercy #runupgetdunup #free #rinse #shoot #ya #bubblegoose #shot #maincourse #whosmansisthis‚Ä¶",FALSE,0,NA,2019-03-07 16:46:25,TRUE,NA,"1103698426129252353",NA,"<a href=\"http://instagram.com\" rel=\"nofollow\">Instagram</a>","CRUMMIEBEATS",0,FALSE,FALSE,"-76.34442","36.73918"
"22","Well, there but for the Grass of God go I. #MtG #GoogleTranslatesMtG #TheScorpionGod and I guess I have to tag thi‚Ä¶",FALSE,2,NA,2019-03-07 15:50:30,TRUE,NA,"1103684355124129794",NA,"<a href=\"http://twitter.com\" rel=\"nofollow\">Twitter Web Client</a>","GuyWhoWroteThis",0,FALSE,FALSE,NA,NA
"23","„ÄêLOVESHOT„Äë Shoot your love ! #love #shot #war #gun #heart #nowar #art #artist #illustrator #drawing #collage‚Ä¶",FALSE,0,NA,2019-03-07 15:02:40,TRUE,NA,"1103672319052939264",NA,"<a href=\"http://twitter.com/download/android\" rel=\"nofollow\">Twitter for Android</a>","HOMININAE4",0,FALSE,FALSE,NA,NA
"24","#Florida #Police officer Nouman Raja, who #shot and #Killed stranded black motorist #CoreyJones found #guilty - NBC‚Ä¶",FALSE,1,NA,2019-03-07 14:37:50,TRUE,NA,"1103666069439475712",NA,"<a href=\"http://twitter.com/download/iphone\" rel=\"nofollow\">Twitter for iPhone</a>","CitizenLeary911",0,FALSE,FALSE,NA,NA
"25","Golden Gate Bridge ‚ù§Ô∏èüåÅ . . . #California #USA #GoldenGate #GoldenGateBridge #SanFrancisco #PhotoOfTheDay‚Ä¶",FALSE,0,NA,2019-03-07 14:21:35,TRUE,NA,"1103661978235559937",NA,"<a href=\"http://instagram.com\" rel=\"nofollow\">Instagram</a>","KerlyAvilesM",0,FALSE,FALSE,"-122.47846","37.8183"
"27","Hey Queens üíú Are you feeling Kelly‚Äôs look?!! Is it #Hot üî• or #Shot ‚ùå",FALSE,0,NA,2019-03-07 14:08:13,FALSE,NA,"1103658614592540673",NA,"<a href=\"http://twitter.com/download/iphone\" rel=\"nofollow\">Twitter for iPhone</a>","MAttraxtion",0,FALSE,FALSE,NA,NA
"28","üá±üáª Tag your friend who is from latvia ? . üì∑#shot by Klavs Anson . üîñMark your photo with #cityvibes and we'll post i‚Ä¶",FALSE,0,NA,2019-03-07 13:52:51,TRUE,NA,"1103654747167432704",NA,"<a href=\"https://ifttt.com\" rel=\"nofollow\">IFTTT</a>","chilicalifornia",0,FALSE,FALSE,NA,NA
"29","Redweiler SHOT - CHANGE OF NAME #OLIMPSPORTNUTRITION #OLIMP #OLIMPTEAM #olimpsportnutrition #peanutbutter‚Ä¶",FALSE,0,NA,2019-03-07 13:46:17,TRUE,NA,"1103653095433748486",NA,"<a href=\"http://twitter.com\" rel=\"nofollow\">Twitter Web Client</a>","olimp_info",0,FALSE,FALSE,NA,NA
"30","Pakistan: Man who exposed 2012 #Kohistan video scandal #shot dead in #Abbottabad #shooting",FALSE,1,NA,2019-03-07 13:26:00,FALSE,NA,"1103647993071321088",NA,"<a href=\"https://www.hootsuite.com\" rel=\"nofollow\">Hootsuite Inc.</a>","EsiscTeam",2,FALSE,FALSE,NA,NA
"31","@BloodBunny99 BASICALLY BEST HOUSEHUSBAND EVER. #shot PLEASE LEARN COOKING TOO LUCIO. I can imagine him doing tha‚Ä¶",FALSE,2,"BloodBunny99",2019-03-07 13:23:30,TRUE,"1103646711761723394","1103647363833323521","4516808358","<a href=\"http://twitter.com\" rel=\"nofollow\">Twitter Web Client</a>","ShieruRei",0,FALSE,FALSE,NA,NA
"32","@BloodBunny99 No one care about bubs. He can go sealed somewhere else. #shot IKR, IM PRETTY WORRIED ABOUT LUCIO DY‚Ä¶",FALSE,1,"BloodBunny99",2019-03-07 13:21:58,TRUE,"1103646553024036865","1103646974878740482","4516808358","<a href=\"http://twitter.com\" rel=\"nofollow\">Twitter Web Client</a>","ShieruRei",0,FALSE,FALSE,NA,NA
"33","üá™üá™üá™üá™üá™üá™ Estonia . üì∑#shot by Julius Jansson . üîñMark your photo with #cityvibes and we'll post it! . #tallinn #talinn‚Ä¶",FALSE,0,NA,2019-03-07 09:52:41,TRUE,NA,"1103594308052152320",NA,"<a href=\"https://ifttt.com\" rel=\"nofollow\">IFTTT</a>","chilicalifornia",0,FALSE,FALSE,NA,NA
"34","‚ú® letstalkaboutboobs x @kluidmagazine #shot by me Link in BIO ‚ú® . . . #letstalkaboutboobs #jewelry #art‚Ä¶",FALSE,0,NA,2019-03-07 09:49:01,TRUE,NA,"1103593385846140929",NA,"<a href=\"http://instagram.com\" rel=\"nofollow\">Instagram</a>","denissecon2eses",0,FALSE,FALSE,NA,NA
"35","Throwback: A church in Sanremo #sanremo #throwback #photography #EU #throwbackthursday #italia #europe #church‚Ä¶",FALSE,0,NA,2019-03-07 09:27:46,TRUE,NA,"1103588039346085889",NA,"<a href=\"http://instagram.com\" rel=\"nofollow\">Instagram</a>","MattiaGalante",0,FALSE,FALSE,"7.77774454","43.81756233"
"36","Checking a #shot between takes. #directing and #acting in an #MMA #fight #scene #hardworkfilms #stunts #stunt‚Ä¶",FALSE,0,NA,2019-03-07 08:33:30,TRUE,NA,"1103574380334858240",NA,"<a href=\"http://instagram.com\" rel=\"nofollow\">Instagram</a>","RELENTLESSnew1",0,FALSE,FALSE,NA,NA
"37","A #shot from #Doorways #hardworkfilms. #movies #gun #gritty #british #drama #guns #makeup #blood #specialfxmakeup",FALSE,0,NA,2019-03-07 08:03:26,FALSE,NA,"1103566814062227456",NA,"<a href=\"http://instagram.com\" rel=\"nofollow\">Instagram</a>","RELENTLESSnew1",0,FALSE,FALSE,NA,NA
"38","Repost @janasilao by @media.repost: SM YOUTH 2019 #styling by me #makeup by @jiaachacruz #hair by @michellepitao‚Ä¶",FALSE,2,NA,2019-03-07 07:54:04,TRUE,NA,"1103564459316920320",NA,"<a href=\"http://twitter.com/download/android\" rel=\"nofollow\">Twitter for Android</a>","chesca_1186",3,FALSE,FALSE,NA,NA
"39","A #shot from #Doorways #hardworkfilms #set #setup #onlocation #scene #director #directorofphotography #camera #man‚Ä¶",FALSE,0,NA,2019-03-07 07:41:24,TRUE,NA,"1103561270681391106",NA,"<a href=\"http://instagram.com\" rel=\"nofollow\">Instagram</a>","RELENTLESSnew1",0,FALSE,FALSE,NA,NA
"40","This is lovely right............ ? üì∑photo by meüòÅ #photography #PhotoOfTheWeek #Brightpraiz #shot",FALSE,0,NA,2019-03-07 07:40:10,FALSE,NA,"1103560957454942209",NA,"<a href=\"http://twitter.com/download/android\" rel=\"nofollow\">Twitter for Android</a>","brightpraiseuc1",0,FALSE,FALSE,NA,NA
"41","#UN #Finds #Israel #Intentionally #Shot #Children, #Journalists &amp; the #Disabled During #Gaza #Protests #Indivisible‚Ä¶",FALSE,0,NA,2019-03-07 07:39:26,TRUE,NA,"1103560772666322944",NA,"<a href=\"http://twitter.com/download/iphone\" rel=\"nofollow\">Twitter for iPhone</a>","curtislwalker",1,FALSE,FALSE,NA,NA
"42","So #inspired by my friend, I took a #shot and making #friedchicken ... next time definitely more #chile and a bit m‚Ä¶",FALSE,0,NA,2019-03-07 07:18:38,TRUE,NA,"1103555540490301440",NA,"<a href=\"http://instagram.com\" rel=\"nofollow\">Instagram</a>","xElleMarkovx",0,FALSE,FALSE,"-118.243","34.0522"
"43","#GOODMORNING NO GIVING UP IN DIFFICULTY üòÄüì∑‚ù§Ô∏è #ISTRIA #CROATIA #planet #Earth #countryside #environment #heritage‚Ä¶",FALSE,32,NA,2019-03-07 07:03:45,TRUE,NA,"1103551796235157504",NA,"<a href=\"http://twitter.com\" rel=\"nofollow\">Twitter Web Client</a>","drago_karlo",4,FALSE,FALSE,NA,NA
"44","Beautiful and delicious. üé• @edward_tanujaya #peoplebrewcoffee #thetrendybarista #tea #coffeequotes #kaldi‚Ä¶",FALSE,0,NA,2019-03-07 06:41:15,TRUE,NA,"1103546133769609221",NA,"<a href=\"http://instagram.com\" rel=\"nofollow\">Instagram</a>","hanstietema",0,FALSE,FALSE,NA,NA
"45","üá±üáª Uzava, Latvia . üì∑#shot by Mareks Stains . üîñMark your photo with #cityvibes and we'll post it! . #latvia #riga‚Ä¶",FALSE,0,NA,2019-03-07 05:52:59,TRUE,NA,"1103533985207074816",NA,"<a href=\"https://ifttt.com\" rel=\"nofollow\">IFTTT</a>","chilicalifornia",0,FALSE,FALSE,NA,NA
"46","Life is like a camera FOCUS, CAPTURE, DEVELOP. #shot #website #capture #cameraman‚Ä¶",FALSE,0,NA,2019-03-07 05:50:20,TRUE,NA,"1103533318832902145",NA,"<a href=\"http://twitter.com\" rel=\"nofollow\">Twitter Web Client</a>","emucoupon",0,FALSE,FALSE,NA,NA
"47","Another #drop of water #shot I love how this one took on the feel of being in space. It's just one of my wife's sc‚Ä¶",FALSE,0,NA,2019-03-07 05:28:00,TRUE,NA,"1103527698645823488",NA,"<a href=\"https://ifttt.com\" rel=\"nofollow\">IFTTT</a>","KyleJerichow",0,FALSE,FALSE,NA,NA
"48","Shot shot shotüç∫üç∑ #7Mar #7Marzo #Shot #DaniBarranco #Venezuela",FALSE,0,NA,2019-03-07 05:04:33,FALSE,NA,"1103521796605788161",NA,"<a href=\"http://twitter.com/download/android\" rel=\"nofollow\">Twitter for Android</a>","SoyGaboValbuena",0,FALSE,FALSE,NA,NA
"49","@RANBOY_D_Go @Mason_Foster 2nd down. 1 yard for the first. #shot",FALSE,2,"RANBOY_D_Go",2019-03-07 04:25:20,FALSE,"1103498910985707520","1103511926678597632","701349176","<a href=\"http://twitter.com/download/iphone\" rel=\"nofollow\">Twitter for iPhone</a>","Coachshawb",1,FALSE,FALSE,NA,NA
"50","#Sacramento #cops who #shot #StephonClark give their side of the story @MailOnline",FALSE,0,NA,2019-03-07 02:10:14,FALSE,NA,"1103477928107671557",NA,"<a href=\"http://twitter.com/download/android\" rel=\"nofollow\">Twitter for Android</a>","NYJusticeSeeker",0,FALSE,FALSE,NA,NA
"51","Happy 185th Birthday Toronto! üéà#toronto #hbd #mycity #thesix #photography #landscapephotography #aerial #shot‚Ä¶",FALSE,0,NA,2019-03-07 01:32:42,TRUE,NA,"1103468484795789312",NA,"<a href=\"http://instagram.com\" rel=\"nofollow\">Instagram</a>","Chanman83",0,FALSE,FALSE,"-79.3407","43.7166"
"52","#Shot check out this great track off @realdeewhite new album #SouthernGentleman feat @ashleymcbryde called‚Ä¶",FALSE,1,NA,2019-03-07 01:18:54,TRUE,NA,"1103465009676316672",NA,"<a href=\"http://twitter.com\" rel=\"nofollow\">Twitter Web Client</a>","MorningHangover",0,FALSE,FALSE,NA,NA
"53","Who says the transition #game is dead? Great read of a developing play. * * 800-231-8295 *‚Ä¶",FALSE,4,NA,2019-03-07 00:29:05,TRUE,NA,"1103452473086242816",NA,"<a href=\"http://twitter.com/download/android\" rel=\"nofollow\">Twitter for Android</a>","srsportaquatics",0,FALSE,FALSE,NA,NA
"54","Register here; Lightning Connecticut Future Stars #giving #kids #better #shot‚Ä¶",FALSE,0,NA,2019-03-07 00:00:22,TRUE,NA,"1103445244991979521",NA,"<a href=\"https://www.hootsuite.com\" rel=\"nofollow\">Hootsuite Inc.</a>","IslandGardenBB",0,FALSE,FALSE,NA,NA
